Global Flag,Major Flag,SMC Flag,Commercial Flag,IT Spend,Employee Count,PC Count,Size,Tech Support,Discount,New Engagement Strategy,New Product Adoption,Planning Summit,Revenue
0,0,0,1,32103,66,59,63875,1,0,0,1,0,26852.74
0,0,1,1,4280,189,82,16758,0,1,1,0,0,11133.87
0,1,0,1,161327,126,91,257170,1,1,0,1,1,78377.24
1,0,1,1,8523,60,44,22844,0,0,1,0,0,13167.48
0,0,0,1,16434,62,31,30587,0,0,1,0,1,13669.71
0,0,1,1,22359,118,96,82762,0,1,1,0,1,18317.23
0,0,0,1,104163,116,113,220172,0,1,0,0,1,46829.44
0,0,1,1,147779,67,31,235463,1,1,0,1,1,69848.11
0,1,1,0,25995,103,70,49847,0,1,1,0,1,15165.26
0,0,1,1,49085,43,21,116226,1,0,0,1,0,31117.71
0,0,0,0,19302,56,25,52135,1,0,1,1,1,16379.25
0,0,1,1,42804,71,41,76012,0,0,0,1,0,23905.73
0,0,0,1,31160,111,89,57684,0,1,1,0,1,21195.84
0,0,0,0,26267,108,45,41402,0,1,0,0,0,15977.02
1,0,1,1,150120,46,33,267127,1,1,0,1,1,71630.27
0,1,0,0,88214,358,184,268168,0,1,0,1,0,44237.77
0,0,1,0,8589,134,99,13059,0,1,1,0,0,7394.77
1,0,1,0,81398,23,9,258230,1,0,0,1,0,37558.71
1,0,0,1,87665,59,25,147896,1,1,0,0,1,47052.91
0,0,0,0,58434,113,64,114669,0,1,0,1,0,27807.01
1,0,0,1,9633,78,28,22832,0,0,1,1,1,15232.99
0,0,0,0,44369,68,33,125258,1,0,0,0,0,23050.3
0,0,0,1,60168,71,58,96550,1,1,0,1,0,39738.15
0,0,0,0,34734,23,13,99453,1,0,0,1,0,23722.35
0,0,1,1,16526,241,120,40378,0,1,1,0,1,14358.86
0,1,1,0,26022,186,81,101037,0,1,1,0,1,19214.62
0,0,0,1,8209,132,56,12502,0,1,1,0,0,13054.34
0,0,0,1,41569,108,71,99877,0,1,0,1,0,27500.11
0,0,1,1,13863,309,189,32490,0,1,1,1,1,16670.85
0,0,0,0,13809,176,82,27026,0,1,1,0,0,10623.98
0,0,0,1,4025,30,10,14090,1,0,1,0,1,16340.17
0,0,1,0,25486,231,158,58777,0,1,1,1,1,16433.36
1,0,1,1,33578,80,48,83813,0,0,0,0,0,18445.98
0,1,0,0,42112,27,23,88738,1,0,0,0,0,24128.97
1,0,1,1,51106,67,40,140909,1,0,0,1,0,31801.47
0,0,1,0,15023,61,26,57528,0,0,1,0,0,9253.83
0,0,0,1,70364,113,64,117538,0,1,0,1,0,34819.98
0,1,0,0,12635,32,17,32758,1,0,1,0,1,15620.58
0,0,0,1,9894,52,18,26484,1,0,1,0,1,16399.55
0,0,0,1,6599,101,38,13656,0,0,1,0,0,11672.8
0,0,1,1,119088,58,56,220458,1,1,0,1,1,61835.17
0,0,0,1,61304,133,58,101233,0,1,0,0,0,28612.4
0,0,1,0,49046,72,28,98257,1,0,0,1,0,26039.48
0,0,0,1,23419,115,78,79190,0,1,1,0,1,19727.88
0,1,1,0,92834,68,32,247346,1,1,0,1,1,55034.04
1,1,1,1,4696,34,17,18475,1,0,1,1,1,18871.02
1,1,1,1,74385,300,218,217297,0,1,0,1,0,42617.74
1,0,1,1,50155,213,110,102769,0,1,0,0,0,25029.51
1,0,0,1,6502,18,8,24072,1,0,1,1,1,19779.45
0,0,1,0,46858,43,37,150248,1,0,0,0,0,23579.98
0,1,0,1,36780,247,226,68642,0,1,1,0,1,23237.22
0,1,0,1,70168,74,59,195515,1,1,0,1,1,50237.8
0,0,0,1,57278,14,6,95480,1,0,0,0,0,30347.72
0,0,1,1,29816,159,89,62900,0,1,1,0,1,19841.73
0,0,1,0,3224,60,51,6864,0,0,1,0,0,6779.58
0,0,1,1,34385,26,15,91688,1,0,0,1,0,27859.13
0,0,1,1,33132,59,51,66883,1,0,0,1,0,28547.3
0,0,1,1,132912,77,35,223134,1,1,0,1,1,65657.77
0,0,0,1,19771,67,28,62724,1,0,1,1,1,22319.49
0,0,1,1,130593,179,74,321889,0,1,0,0,1,58620.47
0,0,1,1,5911,79,54,9813,0,0,1,0,0,12985.38
0,0,0,1,20249,26,15,37997,1,0,1,1,1,22745.12
0,0,1,0,26980,39,16,71937,1,0,0,1,0,20601.47
0,1,1,1,87895,14,8,152163,1,0,0,1,0,43974.84
0,1,0,1,36780,247,226,68642,0,1,1,0,1,23237.22
0,1,1,1,76084,68,67,127020,1,1,0,0,0,46124.19
0,0,0,0,7960,116,45,26254,0,0,1,0,0,8192.18
0,0,1,1,55458,81,63,200663,0,1,0,1,0,35089.05
0,0,1,0,358543,30,22,549626,1,1,0,1,1,141332.14
0,0,1,0,39615,92,80,135080,0,1,0,0,0,20791.02
0,1,1,1,16626,43,36,31329,1,0,1,1,1,25476.33
0,0,0,0,54653,167,78,175217,0,1,0,0,0,27382.89
1,0,0,1,4787,327,172,15101,0,1,1,0,0,11052.91
1,0,1,0,8696,27,8,28849,1,0,1,0,1,14387.04
0,0,0,1,8853,239,176,17082,0,1,1,0,0,12918.12
0,1,1,1,10800,40,23,20060,1,0,1,1,1,22183.37
1,0,1,1,44491,15,11,102566,1,0,0,1,0,30746.65
0,0,0,1,244106,15,7,606669,1,1,0,0,1,118437.46
0,1,0,1,42298,12,9,68932,1,0,0,1,0,30723.75
0,1,0,1,49789,51,26,82900,1,0,0,1,0,34725.58
0,0,1,1,242456,39,34,403569,1,1,0,1,1,106206.55
1,0,1,1,29798,220,123,74008,0,1,1,1,1,22360.26
0,1,0,0,15317,255,118,27606,0,1,1,1,1,16417.13
1,1,0,0,31199,50,26,48794,1,0,0,0,0,20551.9
0,0,0,0,10238,87,43,33878,0,0,1,1,0,8950.58
0,0,0,1,22732,31,23,79934,1,0,1,1,1,24729.81
1,1,0,1,14106,221,98,51815,0,1,1,0,1,17851.47
0,1,0,1,16253,15,10,45416,1,0,1,1,1,23696.96
0,0,0,0,12104,92,79,39533,0,0,1,0,0,7679.39
0,0,1,0,358543,30,22,549626,1,1,0,1,1,141332.14
0,0,0,1,8853,239,176,17082,0,1,1,0,0,12918.12
0,1,1,0,39861,129,51,137058,0,1,0,1,0,23683.74
0,0,0,0,7697,86,44,30016,0,0,1,0,0,7681.92
1,0,1,1,9930,161,127,19246,0,1,1,0,0,12733.76
0,0,0,1,13978,60,29,35110,1,0,1,1,1,22833.74
0,0,0,0,12966,56,25,52520,1,0,1,0,1,13835.72
1,0,0,1,4353,118,90,9236,0,1,1,1,0,12535.25
0,0,0,1,9673,218,127,28830,0,1,1,0,1,13833.98
0,0,1,0,114060,194,189,297797,0,1,0,0,1,49706.97
0,1,0,0,88214,358,184,268168,0,1,0,1,0,44237.77
1,1,1,1,36355,61,23,88702,1,0,0,1,0,31684.29
1,0,0,1,4787,327,172,15101,0,1,1,0,0,11052.91
0,0,0,1,13729,18,12,33188,1,0,1,0,1,18878.52
0,1,0,1,64693,44,16,105898,1,0,0,0,0,35483.07
0,0,1,1,23547,147,77,35838,0,1,1,1,1,18763.14
0,1,0,0,83563,71,50,258526,1,1,0,1,1,51618.08
1,1,1,1,36355,61,23,88702,1,0,0,1,0,31684.29
1,0,0,1,82840,294,162,247199,0,1,0,0,0,41985.72
0,0,1,1,334050,321,144,716862,0,1,0,0,1,129529.59
1,1,1,1,4696,34,17,18475,1,0,1,1,1,18871.02
0,0,0,1,72329,136,70,163088,0,1,0,1,0,37275.5
0,1,0,0,107010,46,20,403535,1,1,0,0,1,67748.6
1,1,0,1,23424,59,20,53333,1,0,1,1,1,26352.4
1,0,1,1,24858,139,139,98173,0,1,1,0,1,20238.38
0,0,1,0,38028,187,104,67607,0,1,0,0,0,18197.67
0,0,0,0,40152,28,10,146013,1,0,0,1,0,24756.58
0,0,1,1,22359,118,96,82762,0,1,1,0,1,18317.23
0,1,0,1,8588,112,40,20227,0,0,1,0,1,14109.79
0,0,0,1,16540,30,21,41847,1,0,1,1,1,21563.23
0,0,0,0,68863,21,7,115588,1,0,0,1,0,31011.5
0,0,1,1,51204,196,108,205732,0,1,0,0,0,34104.45
0,0,0,0,24250,452,394,39101,0,1,1,0,0,11693.89
0,0,1,0,7432,88,74,22538,0,0,1,0,0,6633.14
0,1,0,1,8665,190,213,24031,0,1,1,0,1,17320.97
0,0,0,1,30769,43,29,65165,1,0,0,1,0,26255.88
0,0,0,1,21106,37,30,32148,1,0,1,1,1,23031.99
0,0,1,1,10492,10,6,17058,1,0,1,1,1,19217.78
0,0,1,1,45592,107,56,119495,0,1,0,0,0,28015.59
0,0,0,1,38500,154,70,76666,0,1,0,0,0,21735.39
0,0,0,1,59074,40,32,130546,1,0,0,1,0,33931.55
0,0,1,1,27243,105,64,102702,0,1,1,1,1,24905.58
0,0,0,1,60545,60,24,213130,1,0,0,1,0,36112.1
0,0,0,1,141966,153,96,264951,0,1,0,0,1,57893.85
1,0,1,0,23993,195,88,49262,0,1,1,1,0,13089.3
0,1,1,0,61160,30,26,131415,1,0,0,1,0,33205.58
0,0,0,1,18387,306,214,50965,0,1,1,0,1,17349.1
0,0,1,1,20885,133,105,35377,0,1,1,0,1,15152.59
0,0,0,0,68863,21,7,115588,1,0,0,1,0,31011.5
1,0,1,1,75466,108,102,170416,0,1,0,1,0,37815.59
0,0,0,1,32103,66,59,63875,1,0,0,1,0,26852.74
1,0,1,0,11883,79,78,25701,0,0,1,0,0,7759.26
1,0,1,1,49206,9,8,122413,1,0,0,1,0,33453.98
0,0,0,1,19308,37,19,44164,1,0,1,0,1,21076.61
0,0,1,0,49157,62,55,95980,0,0,0,0,0,17355.08
0,0,1,0,201761,22,14,472363,1,1,0,1,1,94434.91
0,0,1,1,34259,40,20,70373,1,0,0,1,0,26226.95
1,0,1,1,86672,34,30,169232,1,0,0,0,0,40054.86
0,0,1,1,123865,192,79,209208,0,1,0,0,1,51783.66
0,0,0,1,30793,21,12,92388,1,0,0,1,0,28072.13
1,0,1,0,30964,11,8,104152,1,0,0,1,0,24335.89
0,0,0,1,11053,153,81,32732,0,1,1,0,1,15347.49
0,0,1,1,23171,106,70,42525,0,1,1,0,1,18127.17
0,0,1,1,9297,60,37,28717,1,0,1,1,1,21230.58
0,0,0,1,78678,147,85,131074,0,1,0,1,0,37191.9
0,0,0,1,78981,81,35,209151,1,1,0,1,1,51366.43
0,0,0,1,119156,85,87,411653,1,1,0,0,1,74917.57
0,0,0,0,32371,41,16,49024,1,0,0,1,0,20679.56
1,1,1,0,98383,55,47,158257,1,1,0,1,1,50300.16
0,0,0,1,25438,25,16,47602,1,0,1,1,1,23674.11
0,0,0,0,124459,56,36,225839,1,1,0,1,1,57993.28
0,0,0,1,36112,56,24,54806,1,0,0,1,0,27046.64
1,0,1,0,30964,11,8,104152,1,0,0,1,0,24335.89
0,0,1,1,143192,69,56,354398,1,1,0,1,1,77136.61
0,0,0,0,21313,80,40,36167,0,0,1,0,0,11730.68
0,0,0,1,140005,36,34,244248,1,1,0,0,1,65918.58
0,0,1,1,97980,127,112,152047,0,1,0,0,0,41678.02
0,1,1,1,4133,170,136,12179,0,1,1,0,1,15117.34
0,0,1,1,13687,151,56,22461,0,1,1,0,1,14776.1
1,0,1,0,17566,136,49,31703,0,1,1,1,0,11759.6
0,0,1,1,216047,129,63,575488,1,1,0,0,1,110756.78
0,0,1,0,44116,25,16,91798,1,0,0,1,0,23844.47
1,0,0,1,38450,46,29,145053,1,0,0,1,0,29627.21
0,0,0,1,14915,31,15,35490,1,0,1,1,1,20316.49
1,0,0,1,100755,83,54,322086,1,1,0,1,1,61662.52
0,1,1,1,87895,14,8,152163,1,0,0,1,0,43974.84
1,0,1,1,20217,13,7,55439,1,0,1,1,1,23934.18
0,0,1,0,44481,265,144,103928,0,1,0,0,0,20619.33
0,1,0,0,12635,32,17,32758,1,0,1,0,1,15620.58
0,0,1,1,57331,26,11,104550,1,0,0,1,0,33327.6
0,0,1,0,6910,28,13,21944,1,0,1,1,1,14318.34
0,0,1,1,119088,58,56,220458,1,1,0,1,1,61835.17
0,0,1,0,106974,13,6,178736,1,0,0,0,0,40749.1
0,0,1,1,51033,89,52,119940,0,1,0,0,0,28565.78
0,0,1,1,26940,61,37,63692,0,0,1,1,1,16320.85
0,0,1,1,25748,44,36,88444,1,0,1,0,1,22960.88
1,0,0,1,38477,95,38,113279,0,1,0,0,0,24349.52
0,0,0,1,8209,132,56,12502,0,1,1,0,0,13054.34
0,0,0,0,7960,116,45,26254,0,0,1,0,0,8192.18
0,0,0,0,149059,141,65,310759,0,1,0,1,1,57518.72
0,0,0,0,27500,62,35,62243,1,0,0,0,0,17187.41
0,0,1,1,280570,289,161,481084,0,1,0,0,1,103718.19
0,0,0,1,159745,16,13,277002,1,1,0,1,1,76848.77
0,0,0,1,76211,155,86,199040,0,1,0,0,0,38882.13
0,0,1,0,18069,31,17,33978,1,0,1,0,0,12567.34
1,1,0,1,13495,60,41,39049,1,0,1,1,1,23396.63
0,0,1,0,32447,42,30,50762,1,0,0,1,0,22120.38
0,0,1,0,33985,132,121,70098,0,1,0,1,0,19112.28
0,0,0,1,18569,191,77,35087,0,1,1,0,1,15320.38
1,1,0,1,14425,51,42,23959,1,0,1,1,1,23732.05
1,0,1,0,129967,63,29,277291,1,1,0,1,1,62794.12
0,0,1,0,50492,115,77,109074,0,1,0,1,0,26422.57
0,0,1,1,280570,289,161,481084,0,1,0,0,1,103718.19
0,0,0,1,9398,238,122,36705,0,1,1,0,1,14801.95
0,0,0,1,43466,33,18,129357,1,0,0,0,0,28790.62
1,0,1,1,101807,109,88,201113,0,1,0,0,0,45121.31
1,0,0,0,77918,232,138,131058,0,1,0,1,0,30413.2
0,0,0,1,35467,87,76,104977,0,1,0,1,0,26207.02
0,0,0,1,48760,14,11,141713,1,0,0,1,0,30761.56
1,1,1,0,30814,44,42,59013,1,0,0,0,0,20663.13
0,0,1,1,15423,198,138,40174,0,1,1,1,1,16552.64
1,0,0,1,9633,78,28,22832,0,0,1,1,1,15232.99
0,0,0,1,13669,106,44,25653,0,0,1,0,0,12347.56
1,0,0,0,2850,54,24,9529,1,0,1,1,1,13649.25
0,0,1,1,6729,63,27,22659,0,0,1,1,1,14381.48
0,0,0,1,7516,30,17,28044,1,0,1,1,1,21531.89
0,0,0,0,65529,40,22,180715,1,0,0,1,0,30743.33
1,0,0,1,25420,16,10,51646,1,0,0,0,0,21439.62
1,0,0,1,15272,40,17,28458,1,0,1,1,1,21028.22
0,0,1,1,35251,14,10,97793,1,0,0,0,0,25798.65
0,0,1,1,28348,101,43,57023,0,1,1,1,1,22915.75
0,0,1,0,17362,116,94,42378,0,1,1,1,1,14857.58
0,1,1,1,75189,78,37,228575,1,1,0,0,1,50522.33
0,0,0,0,19838,151,75,34227,0,1,1,0,0,12272.61
0,0,1,1,38378,75,30,104050,1,0,0,1,0,28595.94
0,0,0,0,30773,39,15,100137,1,0,0,1,0,21351.84
1,0,0,1,9904,110,42,36980,0,0,1,1,1,14921.6
1,0,0,1,44047,71,24,110197,1,0,0,0,0,29925.29
1,1,0,0,39229,127,89,90397,0,1,0,1,0,21371.52
0,0,0,1,78678,147,85,131074,0,1,0,1,0,37191.9
0,1,1,0,60144,224,146,101601,0,1,0,0,0,28815.04
0,0,0,0,34106,35,19,120764,1,0,0,1,0,23363.84
1,0,0,0,79555,158,79,123023,0,1,0,1,0,32494.67
0,0,1,0,95719,147,65,149817,0,1,0,0,0,36432.82
0,0,0,0,68863,21,7,115588,1,0,0,1,0,31011.5
0,0,0,1,28233,103,79,49785,0,1,1,0,1,20889.36
1,1,0,0,31199,50,26,48794,1,0,0,0,0,20551.9
0,0,0,1,8331,21,9,20416,1,0,1,0,1,16787.47
0,1,1,0,9456,245,116,17825,0,1,1,0,0,9702.86
0,0,0,0,12051,45,17,41829,1,0,1,1,1,15847.34
1,0,0,1,3875,38,35,14377,1,0,1,0,1,17035.55
0,0,1,1,70828,98,42,250802,0,1,0,0,0,40104.16
0,0,1,1,4673,23,20,12556,1,0,1,1,1,17678.39
1,0,1,1,91682,26,16,137395,1,0,0,1,0,40827.96
0,0,0,1,12344,18,9,28510,1,0,1,1,1,19872.21
0,0,0,1,78678,147,85,131074,0,1,0,1,0,37191.9
0,1,0,0,56582,91,76,207053,1,1,0,1,0,43568.97
0,0,0,1,15082,64,50,37409,1,0,1,1,1,22682.78
0,0,0,1,32103,66,59,63875,1,0,0,1,0,26852.74
0,0,1,1,11247,98,36,35665,0,0,1,0,0,13131.87
0,0,1,1,3905,84,31,14049,0,0,1,0,0,8702.59
1,0,0,1,73748,179,95,181976,0,1,0,0,0,36881.2
1,0,1,1,43338,26,9,70339,1,0,0,1,0,30620.73
1,1,0,0,31199,50,26,48794,1,0,0,0,0,20551.9
0,0,0,1,48181,27,10,102386,1,0,0,1,0,31308.14
0,0,1,0,147014,110,53,263908,1,1,0,1,1,67157.57
0,0,1,1,4080,96,85,15206,0,0,1,0,1,13734.62
0,0,1,0,18717,70,58,42132,0,0,1,0,0,8920.16
0,0,1,0,16349,34,27,30498,1,0,1,1,1,17102.61
0,0,1,0,109969,81,76,270568,1,1,0,1,1,58201.47
1,0,0,0,73425,112,81,211488,0,1,0,0,0,33050.54
0,0,0,0,23701,184,93,49830,0,1,1,0,0,12354.87
0,0,0,0,54653,167,78,175217,0,1,0,0,0,27382.89
1,0,0,1,40743,15,13,160748,1,0,0,1,0,31143.82
1,0,1,1,198187,27,22,308181,1,1,0,1,1,88732.4
1,0,0,1,14943,70,48,26821,1,0,1,1,1,20779.5
0,0,0,1,25946,211,86,74576,0,1,1,1,1,20897.1
0,0,1,1,61383,29,18,147211,1,0,0,1,0,35400.05
0,1,1,0,4785,106,48,10478,0,0,1,0,0,9030.94
0,0,0,1,5751,75,60,18524,0,0,1,0,0,10784.83
1,0,0,1,152733,29,9,314547,1,1,0,0,1,75205.97
0,0,1,1,4673,23,20,12556,1,0,1,1,1,17678.39
1,0,0,1,4353,118,90,9236,0,1,1,1,0,12535.25
0,0,0,0,4179,72,58,16464,0,0,1,0,0,5555.5
1,0,1,1,78122,35,11,143916,1,0,0,1,0,40303.42
0,0,0,0,102625,162,103,332815,0,1,0,0,1,47583.84
0,0,0,0,12443,47,30,20340,1,0,1,1,1,14868.65
0,0,0,1,80699,22,16,141779,1,0,0,1,0,40263.19
0,0,0,1,16163,192,78,48486,0,1,1,1,1,18851.49
0,0,1,1,33746,19,9,83323,1,0,0,1,0,25951.12
1,0,0,0,139568,85,62,250006,1,1,0,0,1,62944.7
0,0,1,0,57332,110,74,129101,0,1,0,0,0,26535.68
0,0,0,1,6790,28,14,16087,1,0,1,1,1,19394.07
1,1,1,1,36355,61,23,88702,1,0,0,1,0,31684.29
0,0,0,1,43466,33,18,129357,1,0,0,0,0,28790.62
0,1,1,1,44262,54,33,106326,1,0,0,1,0,31468.66
0,1,1,1,15196,33,16,43277,1,0,1,1,1,23084.55
1,0,0,0,68563,80,62,124437,1,1,0,0,0,35988.57
0,0,1,1,55458,81,63,200663,0,1,0,1,0,35089.05
1,0,1,0,17884,32,23,45930,1,0,1,0,1,17059.96
0,0,1,1,46651,17,7,147798,1,0,0,1,0,30273.06
0,0,1,1,53806,100,73,157313,0,1,0,0,0,30832.36
0,0,0,1,5035,74,38,19001,0,0,1,1,0,12446.76
0,0,0,1,38500,154,70,76666,0,1,0,0,0,21735.39
0,0,1,1,10492,10,6,17058,1,0,1,1,1,19217.78
0,0,1,1,10116,95,35,34795,0,0,1,0,0,11753.8
0,0,1,1,16078,38,24,47297,1,0,1,0,1,20726.27
0,0,1,1,11455,146,74,44626,0,1,1,0,1,13386.74
0,0,1,1,34553,59,33,106992,1,0,0,1,0,27864.79
1,0,0,0,79555,158,79,123023,0,1,0,1,0,32494.67
0,0,0,1,64179,18,15,118990,1,0,0,1,0,35732.1
0,0,0,1,11407,356,261,39261,0,1,1,1,1,18080.49
0,0,0,1,13729,18,12,33188,1,0,1,0,1,18878.52
0,0,1,1,28348,101,43,57023,0,1,1,1,1,22915.75
0,0,1,0,50324,110,45,183278,0,1,0,1,0,28190.66
0,0,1,1,58422,36,32,147833,1,0,0,1,0,34390.26
0,0,0,1,12875,38,35,25189,1,0,1,1,1,21617.84
0,0,1,1,55307,122,103,170209,0,1,0,1,0,35500.28
0,0,0,0,43277,32,22,89452,1,0,0,1,0,23811.27
0,0,0,0,100994,36,14,219063,1,1,0,0,1,50796.7
0,0,1,1,79618,140,95,192062,0,1,0,1,0,40419.89
1,0,0,1,65277,65,59,134880,1,1,0,1,0,40246.23
1,0,1,1,55758,79,57,156117,1,1,0,1,0,42021.16
0,0,1,1,21608,37,31,39994,1,0,1,0,1,21232.97
0,0,1,0,53807,123,60,149130,0,1,0,1,0,27984.23
1,1,0,1,23424,59,20,53333,1,0,1,1,1,26352.4
0,0,0,1,23445,387,172,70000,0,1,1,0,1,19169.46
1,0,1,1,20563,252,147,54799,0,1,1,1,1,20098.28
0,0,1,0,18091,103,85,61774,0,0,1,0,0,9888.01
0,0,0,1,72527,106,93,187082,0,1,0,1,0,39886.83
0,0,0,1,16716,153,60,52717,0,1,1,0,1,17349.32
1,0,0,0,24748,148,60,78170,0,1,1,1,1,14003.6
1,0,1,1,59847,220,119,192399,0,1,0,0,0,33584.43
0,0,1,0,15008,30,11,58937,1,0,1,0,1,16237.03
0,0,0,1,18358,383,175,73896,0,1,1,1,1,20902.28
0,0,0,0,19228,121,91,43481,0,1,1,1,1,15611.63
1,1,0,1,23424,59,20,53333,1,0,1,1,1,26352.4
0,0,1,0,53655,157,138,151548,0,1,0,0,0,22940.32
0,0,1,1,109565,97,74,377093,0,1,0,0,1,56648.97
0,0,1,0,27333,79,76,41289,0,0,1,0,0,12276.95
1,0,0,1,17746,99,66,35564,0,0,1,0,1,14166.35
1,0,0,1,11496,134,78,39506,0,1,1,0,1,13680.37
0,1,0,0,33572,61,43,114838,1,0,0,1,0,25434.32
0,0,0,0,139872,60,35,209624,1,1,0,1,1,61391.26
0,1,1,1,34496,40,30,125948,1,0,0,1,0,28681.96
1,0,1,1,19990,120,57,38398,0,1,1,0,1,16347.63
0,0,1,1,55621,29,12,159348,1,0,0,1,0,33172.7
0,1,0,1,106172,25,11,216562,1,0,0,1,1,50369.13
0,0,1,1,125457,129,101,370976,0,1,0,0,1,61404.37
0,0,0,1,24498,71,69,38495,0,0,1,1,1,18397.25
0,0,1,1,13863,309,189,32490,0,1,1,1,1,16670.85
0,0,1,1,5911,79,54,9813,0,0,1,0,0,12985.38
1,0,1,1,15209,51,23,38782,1,0,1,0,1,21183.6
0,0,1,0,13552,99,97,22816,0,0,1,0,0,7244.59
0,0,1,0,9913,100,60,20711,0,0,1,1,0,9438.79
0,0,0,1,123536,23,20,396911,1,1,0,1,1,75026.82
0,0,1,1,17238,118,62,38916,0,1,1,0,1,15694.6
0,0,1,1,42488,119,54,165625,0,1,0,0,0,29958.67
0,0,1,1,16526,241,120,40378,0,1,1,0,1,14358.86
0,0,1,0,104997,21,11,285090,1,0,0,1,0,43664.92
0,0,0,1,150415,36,12,248895,1,1,0,1,1,71810.43
0,0,1,1,70956,161,69,264306,0,1,0,1,0,42589.09
0,0,1,1,58422,36,32,147833,1,0,0,1,0,34390.26
0,0,0,1,53884,131,58,157925,0,1,0,0,0,30223.79
0,0,1,1,48913,233,99,93979,0,1,0,0,0,26755.87
0,1,1,0,4785,106,48,10478,0,0,1,0,0,9030.94
0,1,0,1,10569,89,69,25761,0,0,1,1,1,14325.33
0,0,1,1,58422,36,32,147833,1,0,0,1,0,34390.26
0,0,1,1,8064,169,66,18493,0,1,1,0,0,12881.73
1,0,1,1,49206,9,8,122413,1,0,0,1,0,33453.98
1,0,0,1,38450,46,29,145053,1,0,0,1,0,29627.21
0,0,1,1,6627,173,111,10025,0,1,1,0,0,12337.77
0,0,1,0,104997,21,11,285090,1,0,0,1,0,43664.92
0,0,0,1,148230,95,91,222900,1,1,0,0,1,67608.95
1,0,1,1,91682,26,16,137395,1,0,0,1,0,40827.96
0,0,0,0,27144,106,41,42347,0,1,0,1,0,14917.41
0,0,1,1,4478,37,15,14840,1,0,1,1,1,18499.46
1,0,0,1,75229,161,127,220367,0,1,0,0,0,39753.27
0,0,1,0,15023,61,26,57528,0,0,1,0,0,9253.83
0,0,0,1,36142,83,51,102736,1,0,0,1,0,26950.91
0,0,0,1,33163,17,8,92345,1,0,0,1,0,28298.61
1,0,0,1,26491,131,48,95860,0,1,1,1,1,21539.13
0,0,0,1,45220,38,16,74942,1,0,0,1,0,28610.12
0,0,1,1,61432,65,55,221106,0,1,0,0,0,35829.46
0,1,1,1,21576,220,167,41298,0,1,1,0,1,18038.41
0,0,0,1,10940,33,21,21138,1,0,1,1,1,20946.04
0,0,0,1,58234,186,87,130863,0,1,0,1,0,31240.46
0,0,0,1,38815,46,43,68816,1,0,0,0,0,26852.25
0,0,0,0,120893,133,110,214033,0,1,0,1,1,48039.06
0,0,1,1,48094,53,17,185917,1,0,0,1,0,31177.03
0,0,1,0,48089,41,16,191535,1,0,0,1,0,27197.76
0,0,0,1,33163,17,8,92345,1,0,0,1,0,28298.61
1,0,0,1,26613,80,39,45647,0,0,1,1,1,17878.52
0,0,0,1,80699,22,16,141779,1,0,0,1,0,40263.19
1,0,0,0,52428,22,15,92550,1,0,0,0,0,25336
0,1,1,1,61775,13,9,119072,1,0,0,1,0,37252.3
0,0,1,1,12816,33,26,45996,1,0,1,1,1,21049.44
0,0,0,1,12361,122,76,31729,0,1,1,0,1,14350.94
0,1,1,1,3239,19,9,12256,1,0,1,1,1,18971.05
0,1,1,1,20390,121,68,76749,0,1,1,0,1,19759.97
0,0,0,1,19980,28,14,31865,1,0,1,1,1,22226.6
0,0,1,0,97481,14,10,332397,1,0,0,0,0,42924.98
0,0,0,0,104075,160,158,163652,0,1,0,0,0,38524.65
0,1,1,1,20390,121,68,76749,0,1,1,0,1,19759.97
0,1,1,0,10558,201,86,21933,0,1,1,0,0,11675.46
0,0,1,0,24954,80,62,39194,0,0,1,0,0,10730.93
0,0,1,1,56394,222,109,166177,0,1,0,1,0,35942.33
0,1,1,1,64902,45,17,208426,1,0,0,0,0,35880.41
0,1,1,1,47458,30,11,133768,1,0,0,1,0,33865.86
0,0,0,1,22063,170,181,44379,0,1,1,0,1,17410.71
0,0,0,0,21682,55,19,85690,1,0,0,1,0,17773.4
0,0,1,0,34960,98,35,85987,0,1,0,0,0,18561.03
0,0,1,1,109220,171,66,214225,0,1,0,1,1,50933.57
0,1,0,1,4544,187,98,17166,0,1,1,0,1,13974.95
0,0,0,0,10238,87,43,33878,0,0,1,1,0,8950.58
0,0,1,1,10160,170,142,33216,0,1,1,0,0,12874.42
0,0,0,1,30970,28,10,59285,1,0,0,1,0,26301.49
0,0,1,0,45665,15,10,68220,1,0,0,1,0,24983.57
1,0,0,1,239574,89,42,394595,1,1,0,0,1,102504.7
0,1,1,0,38066,47,33,151488,1,0,0,1,0,26396.83
0,0,0,1,16540,30,21,41847,1,0,1,1,1,21563.23
0,0,1,1,23171,106,70,42525,0,1,1,0,1,18127.17
1,0,0,1,69711,46,20,220777,1,0,0,0,0,36526.99
0,0,0,1,22063,170,181,44379,0,1,1,0,1,17410.71
0,0,1,0,3224,60,51,6864,0,0,1,0,0,6779.58
1,0,1,1,2977,249,123,10497,0,1,1,0,0,9740.53
1,1,1,1,96391,63,25,219437,1,1,0,0,1,54039.85
1,1,0,1,14854,65,36,35907,1,0,1,1,1,24752.91
0,1,1,0,7856,45,17,20893,0,0,1,1,0,10276.11
0,0,0,1,41523,118,86,79646,0,1,0,0,0,23641.71
0,1,0,1,18545,129,78,38604,0,1,1,0,1,18080.79
0,0,0,1,6072,53,44,23953,1,0,1,1,1,17588.33
1,0,0,1,17307,23,14,55973,1,0,1,1,1,22497.14
0,0,1,0,15834,22,9,47300,1,0,1,1,1,16809.41
0,0,1,1,7275,41,16,15146,0,0,1,0,0,12140.36
0,0,0,1,18387,306,214,50965,0,1,1,0,1,17349.1
1,1,0,1,12249,217,137,35426,0,1,1,1,1,19377.22
0,1,0,1,44832,16,6,123670,1,0,0,1,0,32240.16
0,0,0,1,4025,30,10,14090,1,0,1,0,1,16340.17
0,1,0,1,38118,109,86,65787,0,1,0,1,0,27024.43
0,0,1,1,13467,47,24,47770,1,0,1,1,1,20218.44
0,0,0,1,43833,105,43,72921,0,1,0,0,0,23397.69
0,0,1,1,56747,28,12,104517,1,0,0,1,0,32149.93
0,1,1,0,89221,52,18,176947,1,1,0,1,1,49355.05
0,0,1,0,12117,167,89,25405,0,1,1,0,0,7839.15
0,0,1,1,3140,77,32,6387,0,0,1,0,0,10943.37
0,0,1,0,22265,218,238,60425,0,1,1,0,1,14013.08
0,0,0,1,98694,130,68,269609,0,1,0,0,1,47735.42
1,0,1,1,59847,220,119,192399,0,1,0,0,0,33584.43
0,0,1,0,10717,272,207,27131,0,1,1,1,0,11274.1
0,0,0,0,8987,19,5,25248,1,0,1,1,1,15146.58
0,0,0,0,34734,23,13,99453,1,0,0,1,0,23722.35
0,0,0,1,63243,51,17,120736,1,0,0,1,0,35683.32
1,0,1,0,81398,23,9,258230,1,0,0,1,0,37558.71
0,0,1,1,42323,37,21,73062,1,0,0,1,0,27557.88
0,0,1,1,57348,11,9,102079,1,0,0,1,0,34730.55
0,0,1,1,26326,154,63,81423,0,1,1,0,1,18640.48
0,0,1,1,48913,233,99,93979,0,1,0,0,0,26755.87
0,1,0,1,106172,25,11,216562,1,0,0,1,1,50369.13
0,0,0,1,30419,312,159,100601,0,1,1,1,1,24759.85
1,0,0,0,39395,261,138,78800,0,1,0,0,0,17392.84
0,0,0,1,38815,46,43,68816,1,0,0,0,0,26852.25
1,0,0,1,17746,99,66,35564,0,0,1,0,1,14166.35
1,0,0,1,50708,79,36,123201,1,1,0,1,0,39201.62
0,1,1,1,21516,34,30,78883,1,0,1,1,1,26683.44
0,0,0,1,54845,311,146,83169,0,1,0,0,0,27632.6
0,0,0,1,11353,92,90,31027,0,0,1,1,1,14779.63
0,0,1,0,10861,22,13,35430,1,0,1,1,1,13549.04
1,0,1,1,24883,103,59,71097,0,1,1,0,1,19209.31
0,0,0,0,27500,62,35,62243,1,0,0,0,0,17187.41
1,0,0,0,73425,112,81,211488,0,1,0,0,0,33050.54
0,0,1,1,4769,134,94,17601,0,1,1,0,1,13870.66
0,0,1,0,35335,250,180,64110,0,1,1,0,1,16915.5
0,0,1,0,39615,92,80,135080,0,1,0,0,0,20791.02
0,0,1,1,45428,66,44,140090,0,0,0,0,0,20552.51
0,0,0,1,40328,131,79,146240,0,1,0,0,0,27646.6
0,1,1,1,116667,91,48,266865,1,1,0,1,1,67441.02
0,1,1,1,54498,75,41,144125,1,1,0,1,0,42876.54
0,0,0,0,27144,106,41,42347,0,1,0,1,0,14917.41
0,1,0,1,188234,72,27,312885,1,1,0,1,1,87714.75
0,0,0,1,64179,18,15,118990,1,0,0,1,0,35732.1
0,1,1,1,9384,53,42,16898,1,0,1,0,1,21037.86
0,0,0,0,48574,128,114,109622,0,1,0,0,0,23060.47
0,0,0,1,123536,23,20,396911,1,1,0,1,1,75026.82
0,0,0,1,5035,74,38,19001,0,0,1,1,0,12446.76
0,1,1,0,29398,167,95,95196,0,1,1,0,1,19181.65
0,0,1,1,10425,208,205,33302,0,1,1,0,1,13961.1
0,0,1,1,42323,37,21,73062,1,0,0,1,0,27557.88
0,0,0,1,7796,150,83,20106,0,1,1,0,0,11393.78
0,0,0,1,6567,96,51,12165,0,0,1,0,0,10853.08
0,1,0,0,18161,26,11,37676,1,0,1,1,1,18724.27
0,0,0,1,91228,281,114,152260,0,1,0,1,0,42749.82
0,0,0,1,109301,37,15,206534,1,1,0,1,1,58173.78
0,1,1,1,34496,40,30,125948,1,0,0,1,0,28681.96
1,0,1,0,106502,81,48,238447,1,1,0,1,1,54102.9
1,0,0,1,33063,13,8,83503,1,0,0,1,0,28065.9
0,1,1,1,10800,40,23,20060,1,0,1,1,1,22183.37
0,0,1,0,29404,164,156,70340,0,1,1,1,1,17605.54
1,0,0,1,82840,294,162,247199,0,1,0,0,0,41985.72
0,0,0,1,141966,153,96,264951,0,1,0,0,1,57893.85
0,0,0,0,34780,177,127,75551,0,1,0,0,0,16616.92
0,0,1,1,67117,93,37,132806,1,1,0,1,0,43543.24
1,1,0,1,14106,221,98,51815,0,1,1,0,1,17851.47
0,0,1,0,18069,31,17,33978,1,0,1,0,0,12567.34
0,0,1,0,105669,58,51,306848,1,1,0,1,1,58510.15
0,0,0,1,16163,192,78,48486,0,1,1,1,1,18851.49
0,0,1,1,177951,34,18,399134,1,1,0,1,1,88057.4
0,0,0,1,147194,43,21,246676,1,1,0,0,1,70962.28
0,0,1,0,52033,115,75,194584,0,1,0,0,0,27417.94
0,0,1,0,16049,19,8,29546,1,0,1,0,0,12992.3
0,0,0,1,27745,60,21,88653,1,0,1,1,1,26965.08
0,0,0,1,109049,55,46,203557,1,1,0,1,1,58695.14
0,0,0,0,42106,112,55,94620,0,1,0,1,0,21133.1
0,0,0,1,21294,78,29,31938,0,0,1,0,1,15920.69
1,0,0,1,239574,89,42,394595,1,1,0,0,1,102504.7
0,0,1,1,95946,121,77,197048,0,1,0,0,0,41923.12
0,0,0,1,40328,131,79,146240,0,1,0,0,0,27646.6
0,0,1,0,20616,34,20,47573,1,0,0,1,0,19421.16
0,0,1,0,10920,73,28,43689,1,0,1,1,1,15575.44
0,0,0,1,15818,96,39,59275,0,0,1,1,1,16798.75
1,0,1,0,31914,96,54,53191,0,1,0,1,0,17264.59
0,1,1,1,11308,131,52,40143,0,1,1,0,1,15073.33
0,0,0,0,4140,135,100,12236,0,1,1,1,0,9732.84
0,0,1,1,36272,227,198,129778,0,1,1,1,1,26758.98
1,0,0,0,48504,98,101,75538,0,1,0,0,0,18506.25
0,0,1,1,23315,19,11,52936,1,0,1,1,1,23347.67
0,0,1,1,58422,36,32,147833,1,0,0,1,0,34390.26
0,1,1,1,388383,15,7,645457,1,1,0,1,1,161375.98
0,1,1,1,8812,62,41,19870,0,0,1,0,1,13451.04
0,0,1,1,154807,132,52,237318,1,1,0,0,1,71234.1
0,0,0,1,231788,87,36,456138,1,1,0,0,1,103412.73
0,1,0,1,19449,79,53,48063,0,0,1,0,1,16822.42
0,0,0,1,33011,47,41,54224,1,0,0,0,0,24974.04
0,0,1,1,13371,55,27,48644,1,0,1,1,1,21476.94
0,0,0,1,116978,42,16,344853,1,1,0,1,1,71432.32
0,0,0,0,32640,103,58,125138,0,1,0,1,0,21454.09
0,1,0,1,21374,30,10,76963,1,0,1,1,1,27657.39
0,0,0,0,12290,115,46,20830,0,0,1,0,0,6760.45
0,0,0,1,25330,25,18,54581,1,0,0,0,0,21516.56
0,0,0,1,182069,45,43,282067,1,1,0,0,1,81257.75
0,1,1,0,7802,123,50,31310,0,1,1,0,0,11883.45
0,0,1,1,69888,17,8,118166,1,0,0,1,0,37013.82
0,0,0,1,115299,56,50,283190,1,1,0,1,1,67480.34
0,1,1,1,50019,108,97,84003,0,1,0,0,0,29239.99
0,0,0,0,17101,14,11,47326,1,0,1,1,1,17460.71
1,0,1,0,7750,32,24,14653,1,0,1,0,1,13375.2
0,1,0,1,7556,180,138,18178,0,1,1,0,1,14761.35
0,0,1,1,33746,19,9,83323,1,0,0,1,0,25951.12
0,0,1,1,21314,74,40,74520,0,0,1,0,1,14845.02
0,0,1,1,41197,27,8,110277,1,0,0,1,0,28860.07
0,0,1,1,7906,22,15,22277,1,0,1,1,1,21047.31
0,0,1,1,50148,199,83,122547,0,1,0,1,0,30728.84
1,0,1,1,85235,212,89,286302,0,1,0,0,0,44881.41
0,1,0,0,33572,61,43,114838,1,0,0,1,0,25434.32
1,1,0,1,4425,87,44,17750,0,0,1,0,1,14106.09
1,0,1,1,4917,197,149,10735,0,1,1,0,0,11179.99
0,0,1,1,50187,18,14,182811,1,0,0,1,0,34193.49
0,1,0,1,117234,30,19,198874,1,1,0,1,1,63128.81
0,0,0,1,9673,218,127,28830,0,1,1,0,1,13833.98
0,0,0,1,36929,114,90,61671,0,1,0,0,0,20940.04
0,0,0,1,97034,49,36,243763,1,1,0,1,1,56642.64
1,0,0,1,73748,179,95,181976,0,1,0,0,0,36881.2
0,0,1,1,87162,143,84,273167,0,1,0,1,1,47524.82
1,0,0,0,26305,80,39,78161,0,0,0,0,0,13512.29
0,0,1,1,14411,24,15,30885,1,0,1,0,1,21204.04
0,0,0,0,48969,123,88,126225,0,1,0,0,0,24516.6
0,1,0,0,101158,183,112,217509,0,1,0,0,0,45009.12
0,1,0,0,83563,71,50,258526,1,1,0,1,1,51618.08
0,0,1,1,42323,37,21,73062,1,0,0,1,0,27557.88
0,0,1,1,54084,16,14,147475,1,0,0,0,0,30979.75
0,0,1,1,20885,133,105,35377,0,1,1,0,1,15152.59
0,0,0,0,54653,167,78,175217,0,1,0,0,0,27382.89
0,0,0,1,4538,593,266,18064,0,1,1,0,0,12473.95
0,0,1,0,22811,240,105,80937,0,1,1,0,1,14071.54
1,0,1,1,69218,91,53,264420,0,1,0,1,0,41641.27
1,0,0,1,17480,23,10,61619,1,0,1,1,1,23815.08
0,1,1,1,21516,34,30,78883,1,0,1,1,1,26683.44
1,0,1,1,4917,197,149,10735,0,1,1,0,0,11179.99
0,0,0,1,47117,23,16,107220,1,0,0,1,0,30633.69
0,0,0,1,110034,85,73,175066,1,1,0,1,1,55308.9
0,1,1,1,188364,39,17,311816,1,1,0,1,1,89453.97
1,0,1,0,25466,34,29,57940,1,0,0,0,0,17006.68
0,0,1,1,23757,38,14,48947,1,0,1,0,1,19501.86
0,0,0,1,14915,31,15,35490,1,0,1,1,1,20316.49
1,0,1,0,22217,16,9,48022,1,0,0,0,0,17555.14
0,0,1,0,109969,81,76,270568,1,1,0,1,1,58201.47
0,0,1,1,14101,47,24,45581,0,0,1,1,1,16282.72
0,0,1,1,21668,21,7,55067,1,0,1,0,1,21058.06
0,0,1,1,34565,133,75,53694,0,1,1,0,1,21101.05
0,0,1,0,58040,105,66,170756,0,1,0,1,0,29837.25
0,0,1,1,27614,35,14,109402,1,0,0,1,0,26326.56
0,0,1,0,22265,218,238,60425,0,1,1,0,1,14013.08
0,0,0,1,2306,90,32,7001,0,0,1,0,0,11412.98
0,0,0,1,38284,192,133,88105,0,1,0,0,0,23175.75
0,0,0,0,82272,24,8,168134,1,0,0,1,0,35971.26
1,1,0,1,3551,146,138,14151,0,1,1,1,1,14231.14
1,0,0,1,87181,113,47,346017,0,1,0,0,1,46747.86
0,1,1,1,198890,97,102,307321,1,1,0,1,1,90631.44
0,0,0,1,25974,15,10,74433,1,0,1,1,1,25402.45
0,0,0,1,146906,63,37,232899,1,1,0,1,1,72316.51
0,0,1,1,5911,79,54,9813,0,0,1,0,0,12985.38
0,0,1,1,53778,89,50,96587,0,1,0,0,0,28866.99
0,0,0,1,45227,170,73,176825,0,1,0,0,0,31182.68
0,1,1,1,9384,53,42,16898,1,0,1,0,1,21037.86
0,1,0,1,53672,69,23,89615,1,0,0,1,0,34184.5
0,1,0,1,95099,183,76,161721,0,1,0,0,0,42889.72
1,0,0,1,75229,161,127,220367,0,1,0,0,0,39753.27
1,0,1,1,27970,50,39,47338,0,0,1,0,1,17071.73
1,0,1,1,43338,26,9,70339,1,0,0,1,0,30620.73
0,0,0,0,40172,26,18,148548,1,0,0,1,0,24956.98
0,0,0,0,19051,161,71,55087,0,1,1,0,0,11672.44
0,0,1,1,36272,41,35,81672,1,0,0,1,0,27312.18
0,0,1,1,34270,80,43,133701,0,0,0,0,0,20298.46
1,1,1,0,160636,39,19,279400,1,1,0,1,1,71787.57
0,0,0,1,13978,60,29,35110,1,0,1,1,1,22833.74
0,0,1,0,15834,22,9,47300,1,0,1,1,1,16809.41
0,0,1,1,19496,154,70,70349,0,1,1,0,1,18569.11
0,0,1,0,4724,631,302,10493,0,1,1,0,0,5421.43
0,0,0,0,33957,183,121,110396,0,1,0,1,0,20357.74
0,0,1,1,40241,72,69,91861,1,0,0,1,0,28005.89
0,0,1,1,77890,179,143,120956,0,1,0,0,0,36857.47
0,0,0,0,47763,70,32,87819,1,0,0,0,0,25283.41
0,0,0,1,17068,17,12,43033,1,0,1,1,1,22915.01
0,0,0,1,6824,29,25,19615,1,0,1,1,1,17462.54
0,0,0,1,17324,168,67,28493,0,1,1,0,1,16781.76
0,0,1,1,13021,166,80,28379,0,1,1,0,0,12988.35
0,0,1,1,44313,62,32,91079,1,0,0,1,0,30519.74
0,0,0,1,21810,64,42,58098,1,0,1,0,1,21238.13
0,1,0,1,95099,183,76,161721,0,1,0,0,0,42889.72
0,1,1,1,45572,40,38,73928,1,0,0,0,0,29782.48
0,1,1,1,60732,11,6,106018,1,0,0,0,0,32836.08
1,0,1,1,5672,117,108,20141,0,1,1,1,1,14361.07
0,1,0,1,161327,126,91,257170,1,1,0,1,1,78377.24
0,0,0,1,30482,156,114,58301,0,1,1,0,1,19259.7
0,0,0,1,38788,14,11,143357,1,0,0,0,0,27658.23
0,0,1,1,130593,179,74,321889,0,1,0,0,1,58620.47
0,0,0,1,75348,25,15,155282,1,0,0,1,0,38896.73
0,0,0,1,72527,106,93,187082,0,1,0,1,0,39886.83
0,0,1,1,23547,147,77,35838,0,1,1,1,1,18763.14
0,0,0,1,17300,111,47,58848,0,1,1,0,1,16374.72
0,0,1,1,77890,179,143,120956,0,1,0,0,0,36857.47
0,0,0,1,12344,18,9,28510,1,0,1,1,1,19872.21
1,0,1,1,8523,60,44,22844,0,0,1,0,0,13167.48
1,0,1,1,24858,139,139,98173,0,1,1,0,1,20238.38
1,0,1,1,11322,50,27,44473,1,0,1,1,1,19806.6
0,0,1,0,34960,98,35,85987,0,1,0,0,0,18561.03
0,1,0,1,87921,58,46,214576,1,1,0,1,1,54755.92
0,1,0,1,16253,15,10,45416,1,0,1,1,1,23696.96
0,0,0,1,15855,219,103,62529,0,1,1,0,1,17657.56
0,0,0,0,5844,61,44,20402,0,0,1,1,0,8203.1
0,0,0,1,21354,58,36,38221,1,0,1,0,1,20309.95
1,1,0,1,26829,25,7,43282,1,0,1,1,1,26155.19
0,0,0,1,39838,90,33,100260,1,1,0,1,0,33807.81
0,0,1,1,9518,146,57,29394,0,1,1,1,1,16741.68
1,0,1,1,101807,109,88,201113,0,1,0,0,0,45121.31
0,1,0,1,22584,57,44,55823,1,0,1,1,1,25065.52
0,0,0,1,37657,76,28,90839,1,0,0,0,0,25744.92
0,1,1,1,29912,21,17,52304,1,0,1,1,1,27746.93
0,1,0,0,6153,42,37,17551,1,0,1,1,1,15117.13
0,0,0,1,54945,48,46,120051,1,0,0,0,0,32578.5
0,0,1,1,19496,154,70,70349,0,1,1,0,1,18569.11
1,0,0,1,100755,83,54,322086,1,1,0,1,1,61662.52
1,0,0,1,25165,97,66,71257,0,1,1,1,1,21728.43
0,0,0,1,56731,65,47,102000,1,0,0,1,0,31637.02
0,0,1,0,44495,96,65,175567,0,1,0,1,0,27755.25
1,0,0,1,137436,104,96,239280,1,1,0,1,1,66823.45
0,0,1,1,57331,26,11,104550,1,0,0,1,0,33327.6
0,0,1,0,22924,51,30,39552,1,0,1,1,1,16916.7
1,0,1,0,28515,24,12,51898,1,0,0,1,0,20107.09
0,0,1,1,64162,39,16,247643,1,0,0,1,0,38348.12
0,0,1,1,53470,47,33,104655,1,0,0,0,0,29778.62
0,1,0,1,16268,136,56,26053,0,1,1,0,1,18284.24
0,0,1,1,23666,99,38,54965,0,0,1,0,1,16498.61
0,0,1,1,8095,69,64,18155,0,0,1,0,0,12688.61
0,0,1,1,6616,27,12,16164,1,0,1,1,1,18733.96
1,0,1,1,18914,25,8,28252,1,0,1,1,1,22769.99
0,0,0,1,15412,185,77,45504,0,1,1,0,1,16983.51
0,0,0,1,9282,195,144,26063,0,1,1,0,0,13087.18
1,0,0,1,71040,35,28,147809,1,0,0,1,0,38228.53
0,0,1,1,10662,28,10,22621,1,0,1,0,1,17667.65
0,0,1,1,9050,42,26,15009,1,0,1,0,1,16755.42
0,0,1,1,33132,59,51,66883,1,0,0,1,0,28547.3
0,0,1,0,11659,39,35,17585,1,0,1,1,1,15668.43
0,0,1,1,10459,69,57,22648,0,0,1,0,0,12040.58
1,0,1,0,81398,23,9,258230,1,0,0,1,0,37558.71
1,0,1,1,19990,120,57,38398,0,1,1,0,1,16347.63
0,0,1,0,53655,157,138,151548,0,1,0,0,0,22940.32
0,0,0,1,72744,404,173,221670,0,1,0,0,0,39703.52
0,0,1,1,15396,48,20,36818,1,0,1,1,1,22459.67
0,0,1,1,5911,79,54,9813,0,0,1,0,0,12985.38
0,0,1,0,25486,231,158,58777,0,1,1,1,1,16433.36
0,0,1,1,6627,173,111,10025,0,1,1,0,0,12337.77
0,0,1,0,106974,13,6,178736,1,0,0,0,0,40749.1
0,0,0,0,27144,106,41,42347,0,1,0,1,0,14917.41
1,0,0,0,38111,52,23,93509,1,0,0,0,0,21094.64
0,0,1,1,22038,66,42,66140,0,0,1,0,1,14399.37
0,1,0,1,124269,55,31,257867,1,1,0,1,1,66885.22
0,0,1,1,4080,96,85,15206,0,0,1,0,1,13734.62
0,0,0,0,65529,40,22,180715,1,0,0,1,0,30743.33
0,1,1,1,15369,324,165,60173,0,1,1,0,1,19474.19
0,1,0,1,43486,412,262,161625,0,1,1,0,1,30470.66
0,0,1,1,9367,123,44,28853,0,1,1,1,1,15209.32
1,0,0,1,17746,99,66,35564,0,0,1,0,1,14166.35
1,1,1,1,2849,67,51,9752,0,0,1,1,0,13151.8
0,0,1,0,138896,14,12,255973,1,1,0,1,1,65249.04
0,1,0,1,25421,23,19,68850,1,0,1,1,1,26995.24
0,1,0,1,95976,277,240,228992,0,1,0,0,1,48644.28
0,0,1,0,23897,40,34,62907,1,0,0,1,0,19188.69
0,0,0,0,15553,106,47,58355,0,0,1,0,0,8252.85
0,0,1,1,5996,53,30,10392,1,0,1,1,1,19554.76
0,0,0,0,104075,160,158,163652,0,1,0,0,0,38524.65
0,0,0,0,47274,82,53,73308,1,1,0,1,0,26978.69
0,0,1,1,18660,310,130,39613,0,1,1,0,1,18789.75
0,0,0,1,9673,218,127,28830,0,1,1,0,1,13833.98
0,1,1,1,13758,123,102,25130,0,1,1,0,1,18005.75
1,0,0,0,49772,21,16,180796,1,0,0,1,0,29130.29
0,1,0,1,37087,26,14,81134,1,0,0,1,0,30362.17
0,0,0,1,14619,72,52,27631,0,0,1,0,0,13013.83
0,0,0,1,23419,115,78,79190,0,1,1,0,1,19727.88
0,0,1,1,10160,170,142,33216,0,1,1,0,0,12874.42
0,0,1,0,4968,74,37,15908,0,0,1,0,0,5190.35
1,0,1,0,15519,100,80,32164,0,0,1,0,0,8512.88
0,0,0,1,2950,88,48,8141,0,0,1,0,0,10425.87
0,0,0,1,329283,32,10,649454,1,1,0,1,1,146282.04
1,0,1,0,23102,26,18,50559,1,0,1,1,1,19346.95
0,0,0,1,30421,46,42,79455,1,0,0,1,0,25710.84
0,0,1,1,26666,253,124,99350,0,1,1,0,1,21460.57
1,0,0,1,126181,59,27,273202,1,1,0,0,1,66993.99
1,0,0,1,33904,133,69,125351,0,1,1,0,1,21467.3
0,1,1,1,38332,60,41,73905,1,0,0,1,0,30659.73
1,0,0,1,12394,33,28,24113,1,0,1,1,1,22250.96
0,0,0,1,116978,42,16,344853,1,1,0,1,1,71432.32
0,0,1,1,3695,43,21,14698,1,0,1,0,1,16789.11
0,0,1,1,97744,49,30,352829,1,1,0,1,1,65672.97
1,0,1,0,68366,84,49,156325,0,1,0,1,0,31637.08
0,0,0,1,25330,25,18,54581,1,0,0,0,0,21516.56
0,1,0,1,48164,63,26,158248,1,0,0,1,0,34163.38
0,0,1,1,16580,176,142,48111,0,1,1,0,1,15573.12
1,0,0,0,238520,53,32,445389,1,1,0,1,1,101251.13
0,0,0,1,3626,67,28,9045,1,0,1,1,1,20063.77
0,0,1,0,18901,155,82,63839,0,1,1,0,1,13971.47
1,0,0,0,77619,13,11,132369,1,0,0,0,0,32038.38
0,0,1,0,15008,30,11,58937,1,0,1,0,1,16237.03
1,0,1,1,101807,109,88,201113,0,1,0,0,0,45121.31
0,0,0,1,48277,244,142,176127,0,1,0,1,0,33784.35
1,0,0,1,31041,43,22,53017,1,0,0,1,0,27731
0,0,1,1,5996,53,30,10392,1,0,1,1,1,19554.76
1,0,0,1,10688,63,24,40731,1,0,1,1,1,19116.55
0,1,1,0,11138,49,22,18531,1,0,1,0,1,14063.96
0,0,1,1,14916,73,29,25513,0,0,1,0,1,13944.01
0,0,1,0,28173,107,84,77310,0,1,0,0,0,15997.8
0,0,0,0,10844,104,44,27188,0,0,1,1,0,12287.02
1,1,1,0,98383,55,47,158257,1,1,0,1,1,50300.16
0,0,0,1,6307,112,63,24717,0,0,1,0,0,10714.85
0,0,1,1,45592,107,56,119495,0,1,0,0,0,28015.59
0,1,0,0,19352,267,154,70518,0,1,1,0,1,15396.47
1,1,1,1,105733,59,42,390771,1,1,0,0,1,69232
1,0,1,0,41691,354,177,110626,0,1,1,0,1,20899.8
0,0,0,1,9398,238,122,36705,0,1,1,0,1,14801.95
0,0,0,0,64280,71,33,133293,1,1,0,1,0,37752.06
1,0,0,1,74503,32,22,204344,1,0,0,0,0,36824.98
0,0,1,1,26249,41,15,57029,1,0,1,0,1,24508.17
0,0,1,1,49085,43,21,116226,1,0,0,1,0,31117.71
0,0,1,0,138896,14,12,255973,1,1,0,1,1,65249.04
0,0,0,1,3626,67,28,9045,1,0,1,1,1,20063.77
0,0,1,0,4724,631,302,10493,0,1,1,0,0,5421.43
0,1,0,0,14643,51,31,51257,1,0,1,1,1,18260.77
0,0,1,0,38028,187,104,67607,0,1,0,0,0,18197.67
0,0,1,1,72776,111,46,180014,0,1,0,1,0,38367.85
1,1,1,1,4696,34,17,18475,1,0,1,1,1,18871.02
0,0,0,1,10333,29,26,35570,1,0,1,1,1,21279.96
0,1,1,1,388383,15,7,645457,1,1,0,1,1,161375.98
0,1,0,1,203641,72,33,318560,1,1,0,1,1,91820.45
0,0,1,1,14381,37,12,47627,1,0,1,1,1,21767
0,0,1,0,20870,65,59,73537,0,0,1,0,0,11434.66
0,1,1,0,92945,161,108,218879,0,1,0,1,0,43587.71
0,1,1,1,75189,78,37,228575,1,1,0,0,1,50522.33
1,0,0,1,64421,20,8,162531,1,0,0,0,0,35407.48
0,0,1,0,18091,103,85,61774,0,0,1,0,0,9888.01
0,1,0,0,20310,59,20,46926,1,0,1,1,1,21535.44
0,0,1,0,16349,34,27,30498,1,0,1,1,1,17102.61
0,0,1,1,9396,78,46,22675,0,0,1,0,1,13546.28
0,0,0,1,62606,53,37,241648,1,0,0,1,0,37615.88
0,1,0,0,15317,255,118,27606,0,1,1,1,1,16417.13
0,0,0,1,68284,115,48,121770,0,1,0,0,0,33482.55
0,0,0,0,14800,97,35,40065,0,0,1,1,0,9846.58
0,0,1,1,125457,129,101,370976,0,1,0,0,1,61404.37
0,0,0,1,46678,52,48,83644,1,0,0,1,0,30191.16
1,0,1,1,69218,91,53,264420,0,1,0,1,0,41641.27
0,0,1,0,12862,110,42,27594,0,0,1,0,0,7113.3
0,1,0,1,8939,13,8,23300,1,0,1,1,1,21020.8
0,0,1,1,59834,43,32,98906,1,0,0,1,0,34243
0,0,1,1,61432,65,55,221106,0,1,0,0,0,35829.46
0,0,1,1,45812,76,45,144516,0,0,0,0,0,22920.43
1,0,1,1,15209,51,23,38782,1,0,1,0,1,21183.6
0,0,0,1,16569,74,38,27422,0,0,1,0,1,15828.08
0,1,1,1,50019,108,97,84003,0,1,0,0,0,29239.99
0,0,1,1,36272,227,198,129778,0,1,1,1,1,26758.98
1,1,0,0,35252,123,107,72389,0,1,0,0,0,18344.59
0,0,1,0,107987,22,13,355173,1,1,0,1,1,62790.81
1,0,0,0,33436,22,15,72799,1,0,0,1,0,22231.62
0,0,1,1,6649,69,35,15664,0,0,1,0,0,11920.49
0,0,0,1,46495,94,77,90991,0,1,0,1,0,28153.42
1,0,0,1,9516,82,72,14931,0,0,1,0,0,11779.33
0,0,1,1,4506,208,131,13258,0,1,1,1,1,14116.75
0,0,0,1,109049,55,46,203557,1,1,0,1,1,58695.14
0,0,1,1,14411,24,15,30885,1,0,1,0,1,21204.04
0,1,0,1,22584,57,44,55823,1,0,1,1,1,25065.52
0,0,0,1,36102,10,8,99685,1,0,0,0,0,24110.6
0,0,1,1,33746,19,9,83323,1,0,0,1,0,25951.12
0,0,1,1,23952,91,72,49897,0,0,1,1,1,18779.98
1,1,1,1,22063,42,21,59005,1,0,1,1,1,25085.91
0,0,0,1,10333,29,26,35570,1,0,1,1,1,21279.96
0,0,0,1,23048,81,83,46843,0,0,1,1,1,18179.53
0,0,0,1,41337,81,43,108451,0,0,0,0,0,20509.12
0,1,1,1,57579,100,50,98986,0,1,0,1,0,33888.97
0,0,0,1,33842,161,59,78983,0,1,1,0,1,22710.71
0,0,1,1,11009,139,134,18985,0,1,1,0,1,14810.27
0,0,1,1,11455,146,74,44626,0,1,1,0,1,13386.74
1,0,0,1,10688,63,24,40731,1,0,1,1,1,19116.55
0,0,0,1,38815,46,43,68816,1,0,0,0,0,26852.25
1,0,1,1,54994,17,11,84921,1,0,0,1,0,31316.23
0,0,0,1,64395,166,64,102563,0,1,0,0,0,31824.55
0,0,1,0,23804,115,58,42835,0,1,1,0,1,14898.27
0,0,1,1,56747,28,12,104517,1,0,0,1,0,32149.93
0,0,1,1,2449,29,22,9791,1,0,1,1,1,17153.63
1,0,0,1,33063,13,8,83503,1,0,0,1,0,28065.9
0,0,1,1,31996,228,113,56751,0,1,1,0,1,22114.62
0,0,1,0,5189,98,61,16126,0,0,1,0,0,6352.31
0,1,0,1,9251,70,54,35669,1,0,1,1,1,22266.82
0,0,0,1,8957,30,12,18258,1,0,1,0,1,17994.62
1,0,1,1,23463,24,12,76694,1,0,1,1,1,24118.85
0,1,0,1,10609,43,23,17081,1,0,1,0,1,18771.55
1,0,1,1,2977,249,123,10497,0,1,1,0,0,9740.53
1,0,1,1,20563,252,147,54799,0,1,1,1,1,20098.28
0,0,0,1,43833,105,43,72921,0,1,0,0,0,23397.69
0,0,0,0,7198,18,10,26474,1,0,1,0,0,13348.85
0,0,1,1,19635,51,16,68476,1,0,1,0,1,21387.83
0,0,1,1,23952,91,72,49897,0,0,1,1,1,18779.98
1,0,0,1,81794,120,47,289506,0,1,0,0,0,44842.71
1,0,1,1,40044,59,27,83609,1,0,0,1,0,28812.43
0,0,0,1,25688,220,96,39750,0,1,1,1,1,19666.08
0,0,1,1,22851,24,11,55254,1,0,1,0,1,22288.08
0,0,0,1,173308,18,15,334015,1,1,0,1,1,82410.08
0,1,1,0,2856,32,15,7693,1,0,1,1,1,14348.64
0,0,0,1,5261,117,42,20773,0,0,1,1,1,14005.27
0,0,1,0,49817,56,24,89612,1,0,0,1,0,25366.99
0,0,0,0,61063,283,142,101337,0,1,0,0,0,24633.8
0,0,1,1,12406,87,56,24560,0,0,1,0,1,13982.39
0,0,1,1,55307,122,103,170209,0,1,0,1,0,35500.28
1,0,0,1,38450,46,29,145053,1,0,0,1,0,29627.21
0,1,1,0,34200,91,53,123960,0,0,0,0,0,14091.03
0,0,1,1,53470,47,33,104655,1,0,0,0,0,29778.62
0,0,1,1,9518,146,57,29394,0,1,1,1,1,16741.68
0,0,0,1,32103,66,59,63875,1,0,0,1,0,26852.74
0,0,0,0,40408,38,19,163408,1,0,0,1,0,26532.82
1,0,1,1,5672,117,108,20141,0,1,1,1,1,14361.07
1,0,1,0,43846,84,41,68327,0,1,0,0,0,18951.84
0,0,0,1,13669,106,44,25653,0,0,1,0,0,12347.56
0,0,0,0,12966,56,25,52520,1,0,1,0,1,13835.72
1,0,0,0,17410,87,38,46258,0,0,1,0,0,9220.77
0,0,0,1,37204,13,8,68624,1,0,0,1,0,26120.24
0,0,0,1,42607,110,87,106125,0,1,0,0,0,25952.78
0,1,0,0,28659,182,134,76688,0,1,1,0,1,18505.79
0,0,1,0,11659,39,35,17585,1,0,1,1,1,15668.43
0,0,1,1,34553,59,33,106992,1,0,0,1,0,27864.79
0,1,1,0,44640,276,134,131963,0,1,0,0,0,24467.49
0,0,1,1,28424,23,17,85852,1,0,0,1,0,27551.53
0,0,1,1,67042,104,46,145416,0,1,0,0,0,33532.4
0,0,0,0,14299,63,52,32275,1,0,1,1,1,17296.99
0,0,1,1,12941,53,33,50392,1,0,1,1,1,18924.34
0,0,0,1,13669,106,44,25653,0,0,1,0,0,12347.56
1,1,1,0,160636,39,19,279400,1,1,0,1,1,71787.57
0,0,0,0,22324,103,40,44066,0,0,1,0,0,11051.43
0,0,1,1,115505,45,18,262722,1,1,0,0,1,62744.82
1,0,1,1,13093,240,115,37706,0,1,1,0,1,15438.06
0,0,1,1,59834,43,32,98906,1,0,0,1,0,34243
1,0,1,1,112712,34,10,195698,1,1,0,1,1,57276.03
0,0,1,0,53807,123,60,149130,0,1,0,1,0,27984.23
0,0,0,0,108768,25,18,199581,1,1,0,0,1,50791.22
0,1,1,0,21915,93,79,46185,0,0,1,0,0,12000.81
1,0,0,1,31935,61,22,64013,1,0,0,1,0,25820.66
0,0,1,1,43295,39,24,71265,1,0,0,1,0,29602.75
1,0,1,1,112650,112,50,176759,0,1,0,0,0,44776.86
0,0,0,1,244106,15,7,606669,1,1,0,0,1,118437.46
0,1,1,0,55213,57,34,142551,1,0,0,1,0,29804.55
0,0,1,1,14101,47,24,45581,0,0,1,1,1,16282.72
1,1,1,1,81800,62,33,140502,1,1,0,0,0,44688.03
1,1,1,1,9884,90,53,19666,0,0,1,1,1,16326.01
1,0,0,1,4988,161,70,20019,0,1,1,0,0,11522.74
0,0,1,0,45636,175,83,110040,0,1,0,1,0,24411.44
0,0,1,1,86014,313,129,146161,0,1,0,0,0,39462.37
0,0,0,1,18406,44,26,69481,1,0,1,1,1,23119.63
0,0,1,1,29510,76,42,44780,0,0,1,0,1,16331.6
0,0,1,1,121152,106,49,345022,0,1,0,0,1,58743.68
0,0,0,0,22324,103,40,44066,0,0,1,0,0,11051.43
0,1,0,1,9251,70,54,35669,1,0,1,1,1,22266.82
0,1,0,1,8513,80,31,16318,0,0,1,0,1,13701.7
0,0,0,1,19331,61,35,34663,1,0,1,0,1,21162.01
0,0,1,1,12926,75,75,22887,0,0,1,1,1,15739.57
0,0,1,1,10425,208,205,33302,0,1,1,0,1,13961.1
0,0,0,1,72329,136,70,163088,0,1,0,1,0,37275.5
0,0,1,1,184365,106,39,486513,1,1,0,1,1,98077.72
0,0,1,0,54148,104,66,92184,0,1,0,0,0,23394.05
0,1,1,1,64260,88,56,125502,0,1,0,1,0,36617.86
0,0,1,1,11680,97,50,40484,0,0,1,0,1,14863.92
0,0,1,0,84699,334,142,227925,0,1,0,1,0,38812.13
0,0,1,1,158345,72,51,476599,1,1,0,0,1,88116.17
0,1,0,1,8513,80,31,16318,0,0,1,0,1,13701.7
0,0,1,1,53470,47,33,104655,1,0,0,0,0,29778.62
0,0,1,1,18248,135,57,33418,0,1,1,0,1,16746.92
0,0,1,0,20616,34,20,47573,1,0,0,1,0,19421.16
0,0,0,1,23321,93,55,59396,0,0,1,0,1,15744.5
0,0,1,1,58998,90,53,122040,0,1,0,1,0,33133.63
1,1,1,1,91269,70,60,162795,1,1,0,1,1,53069.05
1,1,0,1,36027,50,17,133570,1,0,0,0,0,27643.55
0,0,1,1,44508,170,88,75046,0,1,0,1,0,27208.6
0,1,1,1,24233,83,64,97449,0,0,1,0,1,17972.36
0,0,1,1,50187,18,14,182811,1,0,0,1,0,34193.49
0,0,1,1,39560,29,23,74608,1,0,0,1,0,28723.16
0,0,1,1,7098,17,14,18937,1,0,1,1,1,19739.3
0,0,0,1,25946,211,86,74576,0,1,1,1,1,20897.1
0,0,1,1,14381,37,12,47627,1,0,1,1,1,21767
0,1,0,1,33908,170,101,85459,0,1,1,1,1,26358.85
1,0,0,0,109903,21,8,188586,1,1,0,1,1,53147.37
0,0,0,1,20952,98,91,65279,0,1,1,0,1,18774.6
0,0,0,1,27048,45,32,68064,1,0,1,1,1,25255.09
0,0,0,0,4140,135,100,12236,0,1,1,1,0,9732.84
0,0,0,0,20735,40,18,37570,1,0,1,0,1,15370.93
0,0,0,1,5035,74,38,19001,0,0,1,1,0,12446.76
0,1,1,1,30050,55,55,71352,1,0,1,1,1,26024.87
1,0,0,1,9026,20,16,29958,1,0,1,0,1,18173.25
0,1,1,1,106661,112,51,222333,0,1,0,0,1,48663.84
0,0,1,1,9753,21,8,31484,1,0,1,1,1,20853.29
0,1,0,1,21374,30,10,76963,1,0,1,1,1,27657.39
0,0,0,1,40027,113,48,147557,0,1,0,1,0,30881.64
0,0,0,0,33530,168,74,94831,0,1,0,0,0,17580.5
0,0,1,1,17882,132,89,33654,0,1,1,0,1,15912.37
0,0,1,1,23666,99,38,54965,0,0,1,0,1,16498.61
0,0,1,0,4724,631,302,10493,0,1,1,0,0,5421.43
1,0,1,0,20027,25,12,37717,1,0,1,0,1,15991.89
0,0,0,0,32431,32,19,93192,1,0,0,0,0,19756.21
0,0,1,0,16708,69,26,48423,0,0,1,0,0,9300.12
0,0,0,1,59074,40,32,130546,1,0,0,1,0,33931.55
0,0,1,0,3879,116,45,12602,0,0,1,1,0,9563.44
1,1,0,0,31199,50,26,48794,1,0,0,0,0,20551.9
0,1,0,1,4379,216,246,10905,0,1,1,0,1,15335.15
0,0,0,1,85108,129,130,135410,0,1,0,0,0,35901.28
0,0,0,1,6247,109,49,18445,0,0,1,0,0,13091.41
0,0,1,1,24192,147,70,83194,0,1,1,0,1,20387.74
0,0,1,1,12706,133,55,46601,0,1,1,0,1,16552.41
1,0,1,1,72036,66,56,167569,1,1,0,1,0,46380.6
0,0,1,1,56833,47,32,230264,1,0,0,1,0,35098.9
0,0,1,1,189836,103,39,353206,1,1,0,1,1,90587.56
1,0,1,1,4917,197,149,10735,0,1,1,0,0,11179.99
0,0,1,1,216047,129,63,575488,1,1,0,0,1,110756.78
1,0,0,0,159937,32,28,247051,1,1,0,0,1,67279.32
0,0,1,1,69888,17,8,118166,1,0,0,1,0,37013.82
0,0,0,0,21313,80,40,36167,0,0,1,0,0,11730.68
0,0,0,1,30421,46,42,79455,1,0,0,1,0,25710.84
1,0,1,1,54236,121,78,118736,0,1,0,0,0,28826.94
0,1,1,1,23737,97,50,92332,0,0,1,0,1,17671.33
1,1,1,0,103399,108,64,213041,0,1,0,0,0,42867.62
0,1,0,1,44891,34,27,131175,1,0,0,1,0,33426.08
0,0,1,1,11247,98,36,35665,0,0,1,0,0,13131.87
0,0,1,1,60497,45,19,158924,1,0,0,1,0,34630.83
0,0,0,1,2950,88,48,8141,0,0,1,0,0,10425.87
0,0,0,1,18575,53,25,37184,0,0,1,1,1,16622.41
1,1,0,1,10348,60,50,36919,1,0,1,0,1,19901.84
0,0,1,1,60497,45,19,158924,1,0,0,1,0,34630.83
0,0,0,1,2815,50,32,11208,1,0,1,1,1,17403.77
0,0,0,1,10980,38,20,31382,1,0,1,1,1,23520
1,0,0,1,42023,93,43,155594,0,1,0,0,0,26648.79
0,1,0,1,44321,223,123,112055,0,1,1,1,1,31277.78
0,0,1,1,39275,135,74,120275,0,1,0,0,0,25922.04
1,0,0,1,42023,93,43,155594,0,1,0,0,0,26648.79
1,0,0,1,73748,179,95,181976,0,1,0,0,0,36881.2
0,1,0,1,64775,35,30,119514,1,0,0,0,0,36748.98
0,0,1,1,12926,75,75,22887,0,0,1,1,1,15739.57
0,0,1,1,45428,66,44,140090,0,0,0,0,0,20552.51
0,0,1,0,69039,31,11,125435,1,0,0,0,0,29332.54
0,0,0,0,13809,176,82,27026,0,1,1,0,0,10623.98
0,0,0,1,10940,33,21,21138,1,0,1,1,1,20946.04
1,0,0,1,6087,151,61,10715,0,1,1,0,0,9886.83
1,0,0,0,32828,37,15,79410,1,0,0,0,0,19679.89
0,0,0,1,89504,76,46,178242,1,1,0,0,1,49741.04
0,0,0,1,39945,66,52,65952,1,0,0,1,0,28730.46
0,0,1,0,206288,22,19,345654,1,1,0,0,1,85074.17
0,0,1,1,8665,8,6,18844,1,0,1,1,1,19951.9
0,0,1,0,55057,21,13,95525,1,0,0,0,0,24314.63
0,0,1,1,64595,34,23,179975,1,0,0,1,0,36415.3
0,0,1,1,8095,69,64,18155,0,0,1,0,0,12688.61
0,0,1,1,10492,10,6,17058,1,0,1,1,1,19217.78
0,0,1,1,50148,199,83,122547,0,1,0,1,0,30728.84
0,0,0,0,59023,115,64,128636,0,1,0,1,0,29457.03
0,1,1,0,246556,55,18,482129,1,1,0,1,1,109234.41
0,0,1,1,39560,29,23,74608,1,0,0,1,0,28723.16
0,0,0,1,21872,252,123,67364,0,1,1,0,1,19446.59
0,0,1,0,16349,34,27,30498,1,0,1,1,1,17102.61
0,0,1,1,179637,39,20,392603,1,1,0,0,1,88060.02
0,1,1,1,87895,14,8,152163,1,0,0,1,0,43974.84
1,0,1,1,110779,103,38,401125,1,1,0,1,1,71374.48
0,0,1,1,5996,53,30,10392,1,0,1,1,1,19554.76
0,0,1,1,29816,159,89,62900,0,1,1,0,1,19841.73
1,0,0,0,38111,52,23,93509,1,0,0,0,0,21094.64
0,0,1,1,9250,147,117,23743,0,1,1,0,0,13350.54
0,0,1,0,54148,104,66,92184,0,1,0,0,0,23394.05
0,0,0,1,10027,82,44,39272,0,0,1,1,1,13447.37
0,0,1,1,23171,106,70,42525,0,1,1,0,1,18127.17
0,0,1,1,34385,26,15,91688,1,0,0,1,0,27859.13
0,0,1,0,9810,38,33,35127,1,0,1,1,0,13266.26
0,1,0,1,203641,72,33,318560,1,1,0,1,1,91820.45
0,0,1,0,176755,155,60,276716,0,1,0,0,1,63258.91
0,0,1,1,22427,24,11,60959,1,0,1,1,1,24231.78
0,0,0,1,9347,205,104,32291,0,1,1,0,1,13838.11
1,0,0,0,22072,179,92,70988,0,1,1,0,0,12078.45
1,0,1,1,89943,20,17,155644,1,0,0,0,0,39424.75
1,1,0,1,42043,76,59,82659,1,0,0,1,0,31991.34
0,0,0,1,14256,39,26,44182,1,0,1,1,1,21932.09
1,0,0,1,17307,23,14,55973,1,0,1,1,1,22497.14
0,0,1,0,9913,100,60,20711,0,0,1,1,0,9438.79
0,0,1,1,76454,57,47,276082,1,1,0,0,1,53133.18
0,1,0,1,95099,183,76,161721,0,1,0,0,0,42889.72
0,0,1,0,58040,105,66,170756,0,1,0,1,0,29837.25
0,0,1,1,3695,43,21,14698,1,0,1,0,1,16789.11
0,0,0,1,72527,106,93,187082,0,1,0,1,0,39886.83
0,1,1,0,9132,24,11,22049,1,0,1,1,1,17843.93
0,0,1,1,32289,52,39,101150,1,0,0,1,0,29361.18
0,0,0,0,30006,30,10,57650,1,0,0,1,0,20453.45
1,0,0,1,69711,46,20,220777,1,0,0,0,0,36526.99
0,0,0,1,53884,131,58,157925,0,1,0,0,0,30223.79
1,0,0,1,74503,32,22,204344,1,0,0,0,0,36824.98
0,0,0,1,22732,31,23,79934,1,0,1,1,1,24729.81
0,0,0,1,38938,32,14,117614,1,0,0,0,0,27272.21
0,1,1,1,64902,45,17,208426,1,0,0,0,0,35880.41
0,0,0,0,12290,115,46,20830,0,0,1,0,0,6760.45
0,0,1,1,55010,50,36,95400,1,0,0,1,0,34493.2
0,0,1,0,4968,74,37,15908,0,0,1,0,0,5190.35
1,0,1,0,11606,30,27,35377,1,0,1,1,1,15866.09
1,0,0,0,10155,70,54,16719,0,0,1,0,0,6112.1
0,0,1,0,13552,99,97,22816,0,0,1,0,0,7244.59
0,0,1,1,15396,48,20,36818,1,0,1,1,1,22459.67
0,0,1,0,4724,631,302,10493,0,1,1,0,0,5421.43
0,1,0,0,45604,119,45,182632,0,1,0,0,0,27238.64
0,0,0,0,68863,21,7,115588,1,0,0,1,0,31011.5
1,1,0,1,48685,190,75,196553,0,1,0,0,0,32449.19
0,1,1,0,58128,55,29,234284,1,0,0,1,0,34188.43
0,1,1,1,60732,11,6,106018,1,0,0,0,0,32836.08
1,0,1,0,106245,191,133,335310,0,1,0,1,1,48624.93
0,0,1,0,19341,144,121,59383,0,1,1,0,1,15339.56
0,0,1,1,12124,277,307,19290,0,1,1,0,1,14638.49
0,0,0,1,46678,52,48,83644,1,0,0,1,0,30191.16
0,0,0,1,25688,220,96,39750,0,1,1,1,1,19666.08
0,0,1,1,29485,54,40,66341,0,0,1,0,1,16037.08
0,0,0,0,49910,98,45,76769,0,1,0,0,0,21816.96
1,1,0,0,31199,50,26,48794,1,0,0,0,0,20551.9
1,0,0,0,9830,92,47,39662,0,0,1,0,0,8307.53
0,1,0,1,10569,89,69,25761,0,0,1,1,1,14325.33
0,0,1,1,35013,48,20,80027,1,0,0,1,0,28292.75
0,1,0,1,54984,154,85,125273,0,1,0,0,0,31885.75
0,0,1,1,18212,282,215,43733,0,1,1,0,1,17946.5
1,0,0,0,33436,22,15,72799,1,0,0,1,0,22231.62
1,0,0,1,75664,83,37,135416,1,1,0,0,0,42736.97
0,0,0,1,38938,32,14,117614,1,0,0,0,0,27272.21
0,0,0,1,159882,14,12,295771,1,1,0,1,1,77991.76
1,0,0,1,23628,53,18,91278,1,0,1,1,1,25321.38
0,0,0,1,22056,115,77,64638,0,1,1,1,1,20986.91
0,0,0,1,76211,155,86,199040,0,1,0,0,0,38882.13
0,0,1,1,9342,119,105,19470,0,1,1,0,1,13429.78
1,0,1,1,7102,80,41,27142,0,0,1,0,1,13543.34
0,0,1,1,7654,22,9,19699,1,0,1,1,1,18794.13
0,1,1,0,113874,136,61,395106,0,1,0,0,1,56071.59
0,0,1,1,17533,110,68,32348,0,1,1,0,1,16691.93
0,0,0,1,6247,109,49,18445,0,0,1,0,0,13091.41
1,0,1,1,55758,79,57,156117,1,1,0,1,0,42021.16
1,0,1,1,66325,116,87,131239,0,1,0,0,0,32959.71
0,0,0,1,129961,240,113,209442,0,1,0,0,1,52581.34
0,0,0,0,58434,113,64,114669,0,1,0,1,0,27807.01
1,0,0,0,139568,85,62,250006,1,1,0,0,1,62944.7
0,0,0,1,58409,23,13,89362,1,0,0,1,0,33218.66
0,0,0,1,25771,58,32,71913,1,0,1,0,1,21679.01
0,0,1,1,4769,134,94,17601,0,1,1,0,1,13870.66
0,0,0,0,31387,115,106,119986,0,1,0,0,0,18821.81
0,0,0,1,27168,64,44,42297,1,0,1,1,1,26102.98
0,0,0,1,59074,40,32,130546,1,0,0,1,0,33931.55
0,0,1,1,87162,143,84,273167,0,1,0,1,1,47524.82
1,1,1,1,105733,59,42,390771,1,1,0,0,1,69232
0,0,0,0,21682,55,19,85690,1,0,0,1,0,17773.4
0,0,1,1,25992,84,45,56386,0,0,1,0,1,14937.82
1,0,0,1,23628,53,18,91278,1,0,1,1,1,25321.38
0,0,0,0,107883,184,75,208656,0,1,0,0,0,42421.96
0,0,1,0,50492,115,77,109074,0,1,0,1,0,26422.57
0,1,0,1,91317,63,33,136891,1,1,0,1,1,50973.92
0,0,1,1,4467,103,38,15459,0,0,1,0,0,10108.88
0,0,1,1,39760,105,77,68951,0,1,0,1,0,26425.77
0,1,1,1,15369,324,165,60173,0,1,1,0,1,19474.19
1,0,1,1,20647,47,20,52551,1,0,1,1,1,24408.91
0,1,0,1,38118,109,86,65787,0,1,0,1,0,27024.43
0,0,0,0,7462,81,40,18495,0,0,1,0,0,7715.63
0,1,0,1,19449,79,53,48063,0,0,1,0,1,16822.42
0,0,1,1,7654,22,9,19699,1,0,1,1,1,18794.13
1,0,1,0,24216,59,59,60529,0,0,1,0,0,10301.92
0,0,1,0,15190,136,55,36090,0,1,1,0,0,9605.15
0,0,0,1,6599,101,38,13656,0,0,1,0,0,11672.8
0,0,1,1,86959,90,64,232004,1,1,0,0,1,53829.91
0,1,1,1,16307,176,139,41456,0,1,1,0,1,18714.4
0,0,1,1,26666,253,124,99350,0,1,1,0,1,21460.57
0,0,0,1,23211,96,101,52624,0,0,1,0,1,15233.55
0,1,0,1,57196,71,50,93841,1,1,0,1,0,39219.24
0,1,0,0,14839,55,24,36720,1,0,1,1,1,16330.56
0,0,0,1,5404,16,8,16406,1,0,1,0,1,16218.45
1,1,1,1,103657,32,14,159353,1,1,0,1,1,57727.28
0,0,1,1,2449,29,22,9791,1,0,1,1,1,17153.63
1,0,0,1,52314,68,39,97605,1,0,0,0,0,29252.78
0,0,1,1,96392,12,7,181038,1,0,0,0,0,42541.74
0,0,0,1,89504,76,46,178242,1,1,0,0,1,49741.04
0,1,0,1,38432,64,37,88431,1,0,0,1,0,29598.16
1,1,0,1,92580,23,16,206311,1,0,0,0,0,45770.14
1,1,0,1,3551,146,138,14151,0,1,1,1,1,14231.14
1,0,0,0,79555,158,79,123023,0,1,0,1,0,32494.67
0,0,0,1,13729,18,12,33188,1,0,1,0,1,18878.52
0,0,0,1,46678,52,48,83644,1,0,0,1,0,30191.16
0,0,0,0,32030,41,35,116789,1,0,0,1,0,21516.94
0,0,1,1,27579,493,222,44235,0,1,1,1,1,20331.66
0,0,0,1,179416,57,21,377530,1,1,0,1,1,89394.43
1,1,0,1,79976,25,15,191389,1,0,0,0,0,41171.93
1,1,1,0,36731,80,76,92036,0,0,0,1,0,17382.3
0,0,0,1,248398,111,62,840344,1,1,0,1,1,138561.57
0,0,0,0,23701,184,93,49830,0,1,1,0,0,12354.87
0,0,1,0,15190,136,55,36090,0,1,1,0,0,9605.15
0,0,0,0,4179,72,58,16464,0,0,1,0,0,5555.5
0,0,0,1,7695,27,19,18554,1,0,1,1,1,19162.32
0,1,1,0,38066,47,33,151488,1,0,0,1,0,26396.83
0,0,0,0,32640,103,58,125138,0,1,0,1,0,21454.09
0,0,1,0,61401,73,66,102807,0,1,0,0,0,25966.25
0,0,1,1,9727,224,88,31556,0,1,1,0,1,13879.34
0,0,0,0,17101,14,11,47326,1,0,1,1,1,17460.71
0,0,0,1,32103,66,59,63875,1,0,0,1,0,26852.74
0,1,1,0,36889,36,33,98942,1,0,0,0,0,23425.59
0,0,1,1,16828,189,85,49041,0,1,1,0,1,17862.09
0,1,1,1,99277,226,201,152718,0,1,0,1,0,46346.8
0,0,0,0,140177,64,53,253873,1,1,0,1,1,65078.78
1,1,0,0,8006,224,109,32157,0,1,1,0,0,9393.1
0,0,0,0,113834,19,15,180066,1,1,0,0,1,51433.3
0,1,0,1,95976,277,240,228992,0,1,0,0,1,48644.28
0,1,1,0,10558,201,86,21933,0,1,1,0,0,11675.46
0,0,1,1,8095,69,64,18155,0,0,1,0,0,12688.61
1,0,0,0,77918,232,138,131058,0,1,0,1,0,30413.2
0,0,0,0,140177,64,53,253873,1,1,0,1,1,65078.78
0,0,0,1,21796,48,24,69444,1,0,1,0,1,21784.05
0,0,1,0,16894,38,27,47422,1,0,1,0,1,15435.88
0,0,1,1,28424,23,17,85852,1,0,0,1,0,27551.53
0,0,0,1,25974,15,10,74433,1,0,1,1,1,25402.45
0,0,0,1,72824,78,30,124917,1,1,0,0,0,40871.96
1,0,0,1,14943,70,48,26821,1,0,1,1,1,20779.5
1,0,0,1,4988,161,70,20019,0,1,1,0,0,11522.74
0,0,0,0,40408,38,19,163408,1,0,0,1,0,26532.82
0,1,1,1,13146,55,24,35355,1,0,1,1,1,22131.23
0,0,1,0,10861,22,13,35430,1,0,1,1,1,13549.04
1,0,1,1,45337,15,9,89367,1,0,0,0,0,27150.91
0,1,0,1,53140,16,13,95874,1,0,0,1,0,34373.29
0,0,1,1,132912,77,35,223134,1,1,0,1,1,65657.77
0,0,1,1,93535,73,31,174380,1,1,0,1,1,52986.87
1,0,1,0,15519,100,80,32164,0,0,1,0,0,8512.88
1,0,0,1,83148,136,86,288743,0,1,0,0,0,43858.79
0,0,1,1,53708,90,41,119860,0,1,0,0,0,29437.84
0,0,0,1,14954,36,13,48142,1,0,1,0,1,20880.86
0,0,1,1,4080,96,85,15206,0,0,1,0,1,13734.62
0,0,1,0,61614,68,63,200759,1,1,0,1,0,42673.45
0,0,0,1,23859,46,30,90311,1,0,1,1,1,26135.86
0,0,1,1,13021,166,80,28379,0,1,1,0,0,12988.35
0,1,1,1,11865,9,7,36826,1,0,1,0,1,19064.62
1,0,1,1,30605,34,18,51030,1,0,0,1,0,26383.84
0,0,0,1,78891,232,154,138068,0,1,0,0,0,35644.89
0,0,0,1,9894,52,18,26484,1,0,1,0,1,16399.55
1,0,0,1,14943,70,48,26821,1,0,1,1,1,20779.5
0,0,0,0,27942,270,114,73508,0,1,1,1,1,18355.53
0,1,1,1,20390,121,68,76749,0,1,1,0,1,19759.97
0,0,1,1,46651,17,7,147798,1,0,0,1,0,30273.06
0,0,1,1,103233,77,70,225485,1,1,0,1,1,58651.25
1,0,1,1,18076,101,72,49446,0,0,1,0,0,12372.19
0,0,1,0,57332,110,74,129101,0,1,0,0,0,26535.68
0,1,1,1,76076,157,126,119198,0,1,0,1,0,39804.69
0,0,0,1,36048,74,34,105820,1,0,0,1,0,28186.63
0,1,0,1,11588,45,28,31367,1,0,1,1,1,23598.72
0,0,1,1,56747,28,12,104517,1,0,0,1,0,32149.93
0,0,1,1,50343,153,73,137745,0,1,0,0,0,28743.83
1,0,1,1,49462,11,8,135751,1,0,0,1,0,33367.68
0,0,1,1,9494,46,20,35341,1,0,1,1,1,20839.01
0,1,1,1,71913,25,23,221641,1,0,0,0,0,40039.76
0,1,1,1,24389,48,29,58846,1,0,1,0,1,23493.99
0,1,1,1,71913,25,23,221641,1,0,0,0,0,40039.76
1,0,1,1,20563,252,147,54799,0,1,1,1,1,20098.28
0,0,1,1,35137,150,91,64241,0,1,0,0,0,22094.57
0,0,1,1,33733,66,57,100321,0,0,0,1,0,21046.82
0,0,1,1,4080,96,85,15206,0,0,1,0,1,13734.62
0,0,1,0,28962,57,47,109732,1,0,0,1,0,22164.57
0,0,1,1,97744,49,30,352829,1,1,0,1,1,65672.97
0,0,1,0,16349,34,27,30498,1,0,1,1,1,17102.61
1,0,1,0,12995,67,22,25058,0,0,1,1,0,9623.07
0,0,0,1,15893,45,28,40606,1,0,1,0,1,19597.93
0,1,1,1,71913,25,23,221641,1,0,0,0,0,40039.76
0,0,1,0,53655,157,138,151548,0,1,0,0,0,22940.32
0,0,1,1,14515,42,14,41353,1,0,1,1,1,22370.43
0,0,1,1,19347,76,31,49155,0,0,1,0,1,16398.27
0,1,1,1,16704,186,98,44896,0,1,1,0,1,18333.6
0,0,0,0,32371,41,16,49024,1,0,0,1,0,20679.56
0,0,1,0,105669,58,51,306848,1,1,0,1,1,58510.15
1,0,1,1,11258,134,112,36752,0,1,1,0,1,13823.28
0,0,0,1,231788,87,36,456138,1,1,0,0,1,103412.73
1,0,0,0,127243,55,21,259971,1,1,0,1,1,63285.75
0,0,1,1,41197,27,8,110277,1,0,0,1,0,28860.07
1,1,0,1,14854,65,36,35907,1,0,1,1,1,24752.91
0,1,1,0,44640,276,134,131963,0,1,0,0,0,24467.49
0,0,1,0,61614,68,63,200759,1,1,0,1,0,42673.45
0,0,0,1,14970,51,47,22642,1,0,1,0,1,19462.21
0,0,0,1,19235,117,104,40481,0,1,1,0,1,15460.02
1,0,1,1,109778,218,138,187616,0,1,0,0,0,46545.12
0,0,1,0,190143,128,114,296692,0,1,0,0,1,67283.74
0,0,0,1,5632,121,49,12542,0,1,1,0,0,10534.67
1,0,1,1,54236,121,78,118736,0,1,0,0,0,28826.94
0,1,0,1,14939,87,81,29867,0,0,1,0,1,15869.81
0,0,0,0,48574,128,114,109622,0,1,0,0,0,23060.47
0,0,1,1,48465,65,40,124707,1,0,0,1,0,30997.31
0,0,1,0,25028,250,130,46569,0,1,1,0,0,13084
1,0,0,0,68563,80,62,124437,1,1,0,0,0,35988.57
0,1,0,1,64775,35,30,119514,1,0,0,0,0,36748.98
0,0,1,1,8577,185,77,18925,0,1,1,1,1,13812.03
0,0,1,1,4467,103,38,15459,0,0,1,0,0,10108.88
1,0,1,0,76142,136,75,257489,0,1,0,1,0,36601.32
0,0,0,0,113834,19,15,180066,1,1,0,0,1,51433.3
0,0,0,1,119156,85,87,411653,1,1,0,0,1,74917.57
0,0,0,1,39945,66,52,65952,1,0,0,1,0,28730.46
0,0,0,1,48760,14,11,141713,1,0,0,1,0,30761.56
0,0,0,1,123536,23,20,396911,1,1,0,1,1,75026.82
1,0,1,0,40036,119,87,103455,0,1,0,1,0,19556.18
0,0,0,0,36277,30,21,86187,1,0,0,1,0,23110.5
1,0,1,0,76700,84,43,234312,1,1,0,0,0,44708.26
0,0,0,1,25946,211,86,74576,0,1,1,1,1,20897.1
1,0,0,1,41056,19,14,97341,1,0,0,1,0,31068.04
0,0,0,0,39315,99,93,84963,0,1,0,1,0,19429.08
1,0,1,1,46534,13,11,75756,1,0,0,0,0,27400.35
1,0,0,1,44047,71,24,110197,1,0,0,0,0,29925.29
0,0,0,1,7281,38,22,27685,1,0,1,1,1,19610.49
0,0,1,1,10425,208,205,33302,0,1,1,0,1,13961.1
0,0,0,1,62606,53,37,241648,1,0,0,1,0,37615.88
1,0,1,0,12556,38,28,38389,1,0,1,0,1,13711.74
1,0,1,0,99818,71,58,230471,1,1,0,0,1,51472.64
0,1,1,1,40044,71,27,72663,1,0,0,0,0,28233.66
0,0,0,0,21313,80,40,36167,0,0,1,0,0,11730.68
0,0,0,1,17068,17,12,43033,1,0,1,1,1,22915.01
0,1,0,1,57196,71,50,93841,1,1,0,1,0,39219.24
1,0,1,0,11353,22,12,32978,1,0,1,1,1,16772.16
0,1,0,1,57166,26,18,160301,1,0,0,1,0,36106.11
0,0,1,1,18934,114,91,52462,0,1,1,0,1,16822.01
0,0,0,1,21885,47,30,62851,1,0,1,1,1,21482.22
1,0,1,1,23463,24,12,76694,1,0,1,1,1,24118.85
0,0,1,1,9753,21,8,31484,1,0,1,1,1,20853.29
0,1,0,1,14939,87,81,29867,0,0,1,0,1,15869.81
0,0,0,1,72824,78,30,124917,1,1,0,0,0,40871.96
1,1,0,1,10348,60,50,36919,1,0,1,0,1,19901.84
1,0,0,1,6365,86,45,19298,0,0,1,0,0,12407.56
0,0,1,1,54994,123,97,95544,0,1,0,0,0,29960.68
0,0,1,1,50148,199,83,122547,0,1,0,1,0,30728.84
0,0,0,0,10238,87,43,33878,0,0,1,1,0,8950.58
0,0,0,1,9100,109,45,27283,0,0,1,0,0,12366.45
0,0,1,1,70828,98,42,250802,0,1,0,0,0,40104.16
0,0,0,1,54845,311,146,83169,0,1,0,0,0,27632.6
1,0,1,1,65545,186,78,161337,0,1,0,1,0,33658.97
0,0,1,1,37590,185,125,84441,0,1,0,0,0,23367.05
0,0,1,1,117949,30,10,210955,1,1,0,1,1,61405.34
0,0,1,0,10663,31,13,33656,1,0,1,0,1,13376.53
1,0,0,1,4988,161,70,20019,0,1,1,0,0,11522.74
0,1,0,1,16415,226,200,41519,0,1,1,0,1,15978.22
0,0,1,1,44234,122,89,103363,0,1,0,1,0,27551.29
0,1,1,1,44949,130,141,110595,0,1,0,0,0,30420.39
0,0,0,1,46361,144,117,87965,0,1,0,0,0,26804.43
0,0,0,1,75727,254,119,156144,0,1,0,0,0,37451.6
0,0,0,1,24516,101,47,86720,0,1,1,0,1,19507.04
0,0,1,1,12926,75,75,22887,0,0,1,1,1,15739.57
0,0,1,0,11953,262,144,29731,0,1,1,0,0,9894.91
0,0,1,0,20616,34,20,47573,1,0,0,1,0,19421.16
0,0,1,0,10017,71,48,38035,0,0,1,0,0,7152.15
0,0,1,1,5405,235,131,11302,0,1,1,0,0,12441.63
0,1,0,0,45604,119,45,182632,0,1,0,0,0,27238.64
0,0,0,0,33957,183,121,110396,0,1,0,1,0,20357.74
0,0,0,1,5062,231,157,10212,0,1,1,0,0,12393.16
0,0,0,0,138778,75,47,236454,1,1,0,1,1,64594.3
0,0,0,1,38500,154,70,76666,0,1,0,0,0,21735.39
1,0,0,1,67474,148,92,125870,0,1,0,0,0,33364.88
1,0,0,0,24748,148,60,78170,0,1,1,1,1,14003.6
0,0,1,0,23830,58,28,86705,1,0,0,0,0,16732.2
0,0,0,1,41523,118,86,79646,0,1,0,0,0,23641.71
0,0,1,1,100994,102,52,298957,0,1,0,0,1,49046.68
0,0,1,1,26666,253,124,99350,0,1,1,0,1,21460.57
0,0,1,1,10662,28,10,22621,1,0,1,0,1,17667.65
0,1,0,1,4002,131,88,14464,0,1,1,1,1,16511.8
1,1,0,1,92580,23,16,206311,1,0,0,0,0,45770.14
0,0,0,1,116978,42,16,344853,1,1,0,1,1,71432.32
1,1,0,1,13495,60,41,39049,1,0,1,1,1,23396.63
0,0,0,1,130419,20,12,207307,1,1,0,1,1,64022.32
0,0,0,1,64179,18,15,118990,1,0,0,1,0,35732.1
0,0,0,1,144779,15,11,285513,1,1,0,1,1,73497.25
0,0,1,1,23783,196,84,68617,0,1,1,0,1,20293.86
0,1,1,1,38192,51,38,138133,1,0,0,1,0,30812.81
0,0,1,0,49817,56,24,89612,1,0,0,1,0,25366.99
0,1,1,1,14046,162,71,29879,0,1,1,1,1,18877.24
0,0,0,1,54743,61,41,119779,1,0,0,1,0,34201.06
0,0,1,0,3879,116,45,12602,0,0,1,1,0,9563.44
0,0,1,0,58416,178,91,161970,0,1,0,1,0,27169.69
0,1,1,0,21910,28,24,46003,1,0,1,0,1,18044.13
1,1,1,1,15411,96,55,25153,0,0,1,1,1,17604.54
0,1,0,1,10569,89,69,25761,0,0,1,1,1,14325.33
1,0,0,1,14943,70,48,26821,1,0,1,1,1,20779.5
1,0,1,0,12556,38,28,38389,1,0,1,0,1,13711.74
0,0,0,0,113834,19,15,180066,1,1,0,0,1,51433.3
0,0,0,0,12443,47,30,20340,1,0,1,1,1,14868.65
1,0,0,1,92417,39,29,310450,1,1,0,1,1,60129.1
0,0,0,1,19308,37,19,44164,1,0,1,0,1,21076.61
0,1,1,0,25293,22,19,81492,1,0,0,0,0,21078.23
0,0,1,1,69888,17,8,118166,1,0,0,1,0,37013.82
1,0,1,0,39956,36,21,97812,1,0,0,1,0,25314.49
0,1,0,0,14839,55,24,36720,1,0,1,1,1,16330.56
0,0,1,1,73451,252,192,253605,0,1,0,1,0,44648.35
0,1,1,0,39861,129,51,137058,0,1,0,1,0,23683.74
1,0,1,0,45324,110,51,89967,0,1,0,0,0,20684.27
0,0,0,1,5004,74,76,16574,0,0,1,0,0,12200.83
1,1,0,1,48097,92,91,126003,0,1,0,1,0,30641.21
1,0,1,1,10394,71,35,40374,0,0,1,1,1,14112.23
0,0,1,1,8995,84,60,32253,0,0,1,0,0,12580.39
1,0,1,1,18914,25,8,28252,1,0,1,1,1,22769.99
0,0,1,0,10088,85,43,40824,0,0,1,0,0,6930.5
1,0,0,1,63095,112,48,197516,0,1,0,0,0,34973.65
0,0,1,1,109565,97,74,377093,0,1,0,0,1,56648.97
0,0,1,0,230058,33,28,403054,1,1,0,1,1,97736.22
0,0,1,0,65954,162,73,103086,0,1,0,0,0,27470.81
0,0,1,1,9297,60,37,28717,1,0,1,1,1,21230.58
0,0,0,1,130716,110,96,321121,1,1,0,1,1,72780.23
0,0,0,1,44971,113,106,162525,0,1,0,0,0,27942.06
0,0,1,1,15401,14,8,28865,1,0,1,1,1,21429.04
0,1,0,1,29177,70,27,49625,1,0,1,1,1,28814.29
0,0,1,1,36272,227,198,129778,0,1,1,1,1,26758.98
0,1,1,0,129239,37,14,293008,1,1,0,1,1,67318.02
1,0,1,1,46823,111,74,112595,0,1,0,0,0,24431.85
1,0,0,1,29242,429,213,79388,0,1,1,0,1,20062.55
0,0,1,0,50748,184,81,79342,0,1,0,1,0,24243.73
1,0,1,1,18176,145,60,42311,0,1,1,0,1,16558.35
0,0,1,1,27156,26,18,87038,1,0,1,0,1,22551.02
1,0,1,0,81398,23,9,258230,1,0,0,1,0,37558.71
0,1,0,1,45349,139,51,112153,0,1,0,0,0,30483.45
0,0,0,1,57785,100,37,231371,0,1,0,0,0,36617.5
0,0,1,1,5645,46,15,16996,1,0,1,1,1,19146.26
0,1,1,0,60144,224,146,101601,0,1,0,0,0,28815.04
0,0,0,1,38788,14,11,143357,1,0,0,0,0,27658.23
1,0,1,1,86672,34,30,169232,1,0,0,0,0,40054.86
0,0,1,1,197161,87,39,347227,1,1,0,1,1,90536.77
0,0,1,1,55663,32,13,136059,1,0,0,0,0,31575.89
0,0,0,1,38500,154,70,76666,0,1,0,0,0,21735.39
0,0,1,1,95946,121,77,197048,0,1,0,0,0,41923.12
0,0,1,1,58077,26,10,94791,1,0,0,0,0,31242.73
0,0,0,0,27500,62,35,62243,1,0,0,0,0,17187.41
0,0,1,1,129328,50,20,233580,1,1,0,1,1,66165.69
0,1,1,0,34497,13,6,60137,1,0,0,1,0,23412.97
0,1,1,1,50019,108,97,84003,0,1,0,0,0,29239.99
0,0,0,1,4714,56,33,8807,1,0,1,1,1,16208.06
0,0,1,1,51729,83,47,90073,0,1,0,1,0,27048.69
0,0,1,1,21608,37,31,39994,1,0,1,0,1,21232.97
0,1,1,1,128121,27,13,244967,1,1,0,1,1,67753.54
0,1,1,1,30050,55,55,71352,1,0,1,1,1,26024.87
0,0,1,1,97980,127,112,152047,0,1,0,0,0,41678.02
1,1,1,1,103657,32,14,159353,1,1,0,1,1,57727.28
0,0,0,1,6247,109,49,18445,0,0,1,0,0,13091.41
0,1,0,1,188234,72,27,312885,1,1,0,1,1,87714.75
0,1,0,1,161327,126,91,257170,1,1,0,1,1,78377.24
0,0,1,0,13552,99,97,22816,0,0,1,0,0,7244.59
0,0,0,1,19980,28,14,31865,1,0,1,1,1,22226.6
1,0,1,1,101807,109,88,201113,0,1,0,0,0,45121.31
1,0,0,1,5378,248,244,17676,0,1,1,0,0,11873.63
0,1,1,1,13115,132,48,33015,0,1,1,0,1,17472.92
0,0,0,1,5004,74,76,16574,0,0,1,0,0,12200.83
0,0,1,1,280570,289,161,481084,0,1,0,0,1,103718.19
0,0,1,0,49817,56,24,89612,1,0,0,1,0,25366.99
0,0,0,1,147194,43,21,246676,1,1,0,0,1,70962.28
0,1,1,1,44949,130,141,110595,0,1,0,0,0,30420.39
0,0,1,1,29485,54,40,66341,0,0,1,0,1,16037.08
1,0,0,1,47722,49,32,179390,1,0,0,0,0,30399.66
0,0,0,0,165152,14,8,289266,1,1,0,1,1,73309.62
0,0,0,1,16716,153,60,52717,0,1,1,0,1,17349.32
0,0,1,1,18005,58,32,54676,1,0,1,0,1,20644.17
0,0,0,0,106731,97,74,216914,1,1,0,1,1,54025.15
0,0,0,1,7186,8,6,14730,1,0,1,1,1,17802.19
0,1,0,1,20384,238,139,80788,0,1,1,1,1,23554.47
1,0,1,1,12340,76,52,22460,0,0,1,0,0,12335.1
0,0,0,1,64988,82,30,137454,1,1,0,1,0,43302.61
0,0,0,1,17068,17,12,43033,1,0,1,1,1,22915.01
1,1,0,1,3551,146,138,14151,0,1,1,1,1,14231.14
0,0,1,1,16628,66,48,39133,0,0,1,0,1,15285.07
0,1,1,1,14046,162,71,29879,0,1,1,1,1,18877.24
0,0,1,0,8267,61,34,15454,0,0,1,0,0,7110.41
1,0,1,0,243509,172,170,421084,0,1,0,0,1,87580.16
0,0,0,1,51311,31,22,114428,1,0,0,1,0,32349
1,0,0,1,67474,148,92,125870,0,1,0,0,0,33364.88
1,0,0,1,74503,32,22,204344,1,0,0,0,0,36824.98
1,0,1,0,129967,63,29,277291,1,1,0,1,1,62794.12
0,1,1,0,27263,30,23,55402,1,0,1,1,1,20882.11
0,0,1,0,15153,22,7,26442,1,0,1,0,1,14696.93
0,0,1,1,71238,130,48,144237,0,1,0,0,0,35853.83
0,0,1,0,57940,60,41,91759,1,0,0,0,0,27131.95
0,0,0,0,5775,8,6,9723,1,0,1,1,1,13935.65
0,0,1,1,83619,19,13,150194,1,0,0,1,0,40845
0,0,1,1,9518,146,57,29394,0,1,1,1,1,16741.68
1,0,1,0,40036,119,87,103455,0,1,0,1,0,19556.18
0,1,1,1,51486,55,21,120324,1,0,0,1,0,33996.07
0,0,0,1,126206,81,53,201731,1,1,0,1,1,64146.53
0,0,0,1,54120,254,146,129585,0,1,0,1,0,34641.21
0,0,1,1,45592,107,56,119495,0,1,0,0,0,28015.59
0,0,0,1,109843,309,218,264558,0,1,0,0,1,49724.7
0,0,1,1,39760,105,77,68951,0,1,0,1,0,26425.77
1,1,0,0,10111,65,47,40769,1,0,1,1,1,18458.44
0,0,1,1,90192,84,36,337530,1,1,0,0,1,62117.65
0,0,1,1,1459,116,83,5772,0,0,1,0,0,11139.81
0,0,1,1,18248,135,57,33418,0,1,1,0,1,16746.92
1,0,0,0,38111,52,23,93509,1,0,0,0,0,21094.64
0,0,1,0,69074,98,56,218233,0,1,0,1,0,32986.39
1,0,1,1,86672,34,30,169232,1,0,0,0,0,40054.86
0,0,0,1,97364,129,117,283314,0,1,0,0,1,50280.67
0,0,0,1,18045,24,13,28861,1,0,1,0,1,20006.13
1,0,0,0,13270,63,29,37987,0,0,1,0,0,9625.21
1,0,0,1,5378,248,244,17676,0,1,1,0,0,11873.63
0,0,0,1,22732,31,23,79934,1,0,1,1,1,24729.81
0,0,1,1,23783,196,84,68617,0,1,1,0,1,20293.86
1,1,1,0,103399,108,64,213041,0,1,0,0,0,42867.62
0,0,0,1,40328,131,79,146240,0,1,0,0,0,27646.6
0,0,0,1,47822,18,12,87401,1,0,0,1,0,30370.16
0,0,1,0,51256,99,46,131709,0,1,0,0,0,24739.5
0,0,1,1,22851,24,11,55254,1,0,1,0,1,22288.08
0,0,1,1,4606,116,71,14030,0,0,1,0,0,11588.48
0,0,1,1,45847,106,113,89906,0,1,0,0,0,24638.55
0,0,0,0,14800,97,35,40065,0,0,1,1,0,9846.58
0,0,0,1,8348,219,113,27903,0,1,1,0,1,15144.61
0,0,1,1,86959,90,64,232004,1,1,0,0,1,53829.91
0,0,1,1,63894,8,7,180510,1,0,0,1,0,35040.62
1,0,1,1,11258,134,112,36752,0,1,1,0,1,13823.28
1,1,1,1,11339,157,81,19353,0,1,1,0,1,16265.9
0,0,1,1,4467,103,38,15459,0,0,1,0,0,10108.88
0,0,0,0,12290,115,46,20830,0,0,1,0,0,6760.45
0,0,1,0,28962,57,47,109732,1,0,0,1,0,22164.57
1,0,1,1,9657,90,44,16828,0,0,1,0,0,12535.32
0,0,0,1,4117,57,41,14921,1,0,1,1,1,18300.21
0,0,1,1,11196,76,47,20994,0,0,1,0,0,12896.29
0,0,1,1,40241,72,69,91861,1,0,0,1,0,28005.89
1,0,1,0,9074,72,43,14302,0,0,1,0,0,6666
0,0,0,0,18313,37,18,45852,1,0,1,0,1,13991.72
0,0,1,1,8665,8,6,18844,1,0,1,1,1,19951.9
0,0,0,1,73875,77,79,255611,1,1,0,0,1,49925.01
0,0,0,1,71060,43,16,205961,1,0,0,1,0,39476.1
1,0,1,1,8419,59,28,27061,0,0,1,0,0,12570.39
0,0,0,1,55442,99,45,118363,0,1,0,0,0,31026.69
0,0,0,1,80962,120,62,127905,0,1,0,1,0,39166.97
0,0,0,1,109843,309,218,264558,0,1,0,0,1,49724.7
0,0,0,1,16650,354,190,38251,0,1,1,0,1,16525.32
0,0,1,0,30799,72,70,91378,0,0,0,1,0,13737.7
1,0,1,1,33578,80,48,83813,0,0,0,0,0,18445.98
1,0,1,1,86672,34,30,169232,1,0,0,0,0,40054.86
0,0,0,1,59074,40,32,130546,1,0,0,1,0,33931.55
0,0,1,1,27579,493,222,44235,0,1,1,1,1,20331.66
0,0,1,0,211770,23,14,340511,1,1,0,1,1,89326.83
0,1,1,1,47458,30,11,133768,1,0,0,1,0,33865.86
0,0,1,1,143192,69,56,354398,1,1,0,1,1,77136.61
0,0,1,0,57940,60,41,91759,1,0,0,0,0,27131.95
0,1,1,0,9624,20,7,26161,1,0,1,1,1,16590.54
0,1,1,1,65974,97,76,105132,0,1,0,0,0,33718.69
0,0,1,1,70028,69,30,185414,1,1,0,0,1,47049.1
0,0,1,1,31996,228,113,56751,0,1,1,0,1,22114.62
0,0,0,1,135420,46,37,328269,1,1,0,0,1,71100.68
0,0,0,1,30482,156,114,58301,0,1,1,0,1,19259.7
0,1,0,1,4544,187,98,17166,0,1,1,0,1,13974.95
1,1,1,0,98383,55,47,158257,1,1,0,1,1,50300.16
0,0,1,1,34385,26,15,91688,1,0,0,1,0,27859.13
0,0,1,1,3927,59,32,10667,0,0,1,0,0,10225.29
0,0,1,1,93535,73,31,174380,1,1,0,1,1,52986.87
0,0,0,1,108558,23,14,172196,1,1,0,1,1,56505.86
1,1,0,1,14425,51,42,23959,1,0,1,1,1,23732.05
0,0,0,1,12885,105,53,19266,0,0,1,0,0,13122.5
0,0,1,1,87769,71,60,249925,1,1,0,1,1,55835.95
1,0,0,0,159937,32,28,247051,1,1,0,0,1,67279.32
0,0,0,1,29725,127,74,85799,0,1,1,0,1,22453.61
0,0,1,1,67042,104,46,145416,0,1,0,0,0,33532.4
0,0,0,1,80962,120,62,127905,0,1,0,1,0,39166.97
1,0,1,0,68366,84,49,156325,0,1,0,1,0,31637.08
0,0,1,1,13863,309,189,32490,0,1,1,1,1,16670.85
0,0,1,1,97980,127,112,152047,0,1,0,0,0,41678.02
1,0,1,0,11606,30,27,35377,1,0,1,1,1,15866.09
0,0,0,1,6987,101,39,23878,0,0,1,0,0,11536.18
0,1,0,0,13465,106,98,24670,0,0,1,0,0,10219.48
0,0,0,0,24601,23,9,49147,1,0,0,1,0,19736.18
0,0,1,0,69759,454,233,221723,0,1,0,0,0,32126.07
0,0,0,0,54064,96,84,159547,0,1,0,0,0,26328.31
0,0,0,1,130716,110,96,321121,1,1,0,1,1,72780.23
0,0,0,0,14299,63,52,32275,1,0,1,1,1,17296.99
0,0,1,0,8963,123,116,18908,0,1,1,0,0,7392.94
0,1,0,0,23454,142,60,66311,0,1,1,1,1,17795.69
0,0,1,1,62121,76,29,223527,1,1,0,1,1,47845.84
0,1,0,1,10569,89,69,25761,0,0,1,1,1,14325.33
0,1,0,1,188234,72,27,312885,1,1,0,1,1,87714.75
0,0,1,0,23804,115,58,42835,0,1,1,0,1,14898.27
0,0,0,0,16626,16,8,56867,1,0,1,1,1,18735.11
0,0,1,1,40924,162,127,149680,0,1,0,0,0,26543.35
0,1,0,1,20381,115,110,72330,0,1,1,0,1,20950.36
0,0,1,1,39151,91,32,76118,0,1,0,0,0,25281.26
0,1,1,1,51486,55,21,120324,1,0,0,1,0,33996.07
0,0,1,0,9913,100,60,20711,0,0,1,1,0,9438.79
0,0,1,1,10990,104,66,31012,0,0,1,0,0,11840.48
0,0,1,1,11076,40,19,35147,1,0,1,1,1,19237.94
1,0,0,1,92417,39,29,310450,1,1,0,1,1,60129.1
0,0,1,0,38028,187,104,67607,0,1,0,0,0,18197.67
0,0,0,1,85108,129,130,135410,0,1,0,0,0,35901.28
0,0,1,1,41644,30,27,131105,1,0,0,1,0,30432.85
0,0,1,0,147014,110,53,263908,1,1,0,1,1,67157.57
0,1,1,1,13758,123,102,25130,0,1,1,0,1,18005.75
0,0,0,1,18406,44,26,69481,1,0,1,1,1,23119.63
0,1,1,1,70525,250,117,263832,0,1,0,0,0,43137.51
0,0,1,0,16049,19,8,29546,1,0,1,0,0,12992.3
1,1,1,1,225905,140,64,424942,1,1,0,0,1,101738.26
0,0,1,1,13465,66,22,45139,0,0,1,0,0,11144.79
0,0,1,1,55307,122,103,170209,0,1,0,1,0,35500.28
1,0,1,1,66436,142,157,209949,0,1,0,0,0,34817.83
0,0,1,1,39931,47,18,89596,1,0,0,0,0,27753.17
1,0,0,1,47944,15,8,132780,1,0,0,1,0,32627.88
1,0,0,1,11665,15,11,22630,1,0,1,1,1,20681.05
0,1,0,1,37087,26,14,81134,1,0,0,1,0,30362.17
1,0,0,1,237276,162,123,358355,1,1,0,1,1,99791.96
0,0,1,0,12117,167,89,25405,0,1,1,0,0,7839.15
0,0,0,1,10803,24,11,21377,1,0,1,1,1,20163.39
1,0,0,1,71040,35,28,147809,1,0,0,1,0,38228.53
0,1,1,0,44640,276,134,131963,0,1,0,0,0,24467.49
0,1,1,0,72494,16,6,272387,1,0,0,1,0,38195.66
0,0,1,0,8101,96,39,17465,0,0,1,0,0,6468.79
0,0,0,1,25559,228,146,78611,0,1,1,0,1,20888.95
0,0,0,0,38858,30,23,155802,1,0,0,1,0,24518.41
0,0,1,1,177951,34,18,399134,1,1,0,1,1,88057.4
0,1,0,1,36822,19,16,91807,1,0,0,1,0,29602.72
0,1,1,1,87895,14,8,152163,1,0,0,1,0,43974.84
0,0,0,0,5844,61,44,20402,0,0,1,1,0,8203.1
0,0,1,1,10027,117,106,29365,0,1,1,0,1,13807.53
1,1,0,1,13495,60,41,39049,1,0,1,1,1,23396.63
0,1,1,1,13758,123,102,25130,0,1,1,0,1,18005.75
0,0,1,1,11842,30,9,44929,1,0,1,1,1,21872.34
0,0,0,0,13809,176,82,27026,0,1,1,0,0,10623.98
1,1,0,1,21983,14,11,34633,1,0,1,1,1,25979.15
0,0,1,0,60373,98,64,226788,0,1,0,0,0,33153.75
1,0,1,1,6198,118,74,12471,0,1,1,0,0,10264.54
0,1,1,1,61775,13,9,119072,1,0,0,1,0,37252.3
0,0,1,1,87162,143,84,273167,0,1,0,1,1,47524.82
0,0,1,0,71116,96,54,137773,0,1,0,0,0,29788.04
1,0,1,0,19982,55,40,51900,0,0,1,0,0,8843.75
0,0,1,1,22359,118,96,82762,0,1,1,0,1,18317.23
1,0,1,1,46823,111,74,112595,0,1,0,0,0,24431.85
0,1,0,1,62986,49,43,166029,1,0,0,1,0,37600.55
0,0,0,1,43796,99,39,110887,0,1,0,0,0,27207.59
0,0,1,1,41197,27,8,110277,1,0,0,1,0,28860.07
0,1,1,1,8752,31,15,29619,1,0,1,0,1,19368.25
0,0,0,1,20249,26,15,37997,1,0,1,1,1,22745.12
1,0,1,0,44198,55,46,105193,1,0,0,1,0,23758.23
0,0,1,1,67117,93,37,132806,1,1,0,1,0,43543.24
0,0,1,1,12124,277,307,19290,0,1,1,0,1,14638.49
1,0,1,1,125954,33,19,195385,1,1,0,1,1,60519.05
0,0,1,1,123865,192,79,209208,0,1,0,0,1,51783.66
1,0,0,1,33538,180,69,59386,0,1,1,1,1,21933.23
1,0,0,1,8265,19,12,15770,1,0,1,1,1,20759.46
0,1,1,1,106661,112,51,222333,0,1,0,0,1,48663.84
1,0,1,0,7750,32,24,14653,1,0,1,0,1,13375.2
0,1,1,0,9132,24,11,22049,1,0,1,1,1,17843.93
1,1,0,1,42043,76,59,82659,1,0,0,1,0,31991.34
1,0,0,1,152733,29,9,314547,1,1,0,0,1,75205.97
0,0,0,0,36277,30,21,86187,1,0,0,1,0,23110.5
0,0,0,0,47889,68,43,138855,1,0,0,1,0,25941.42
0,0,0,0,13242,62,41,37758,1,0,1,0,1,13311.22
0,0,0,1,7186,8,6,14730,1,0,1,1,1,17802.19
0,0,0,1,106405,141,54,174802,0,1,0,0,0,45594.04
0,0,1,1,26666,253,124,99350,0,1,1,0,1,21460.57
0,1,1,0,34497,13,6,60137,1,0,0,1,0,23412.97
1,0,0,1,12394,33,28,24113,1,0,1,1,1,22250.96
0,0,1,1,16828,189,85,49041,0,1,1,0,1,17862.09
0,1,0,1,18546,65,48,52978,0,0,1,1,1,17280.31
0,1,1,1,9080,259,113,34160,0,1,1,0,1,16013.58
1,0,0,0,159937,32,28,247051,1,1,0,0,1,67279.32
0,0,0,1,60545,60,24,213130,1,0,0,1,0,36112.1
0,0,0,1,49665,92,75,74730,0,1,0,0,0,28584
1,1,0,1,21983,14,11,34633,1,0,1,1,1,25979.15
0,0,1,1,58004,28,10,99093,1,0,0,1,0,35797.29
0,0,1,1,9549,45,30,34248,0,0,1,0,0,12631.91
0,1,0,1,76726,75,50,121790,1,1,0,0,0,44909.63
1,0,1,1,27742,92,32,82535,0,0,1,0,1,14779.17
1,1,0,0,10111,65,47,40769,1,0,1,1,1,18458.44
0,0,0,1,19853,87,61,34211,0,0,1,1,1,15228.28
1,0,0,0,65802,44,34,224245,1,0,0,0,0,32829.1
0,1,0,1,43486,412,262,161625,0,1,1,0,1,30470.66
1,1,0,1,7216,344,205,23263,0,1,1,0,0,12430.36
0,0,1,1,16628,66,48,39133,0,0,1,0,1,15285.07
1,0,0,1,65240,168,63,184561,0,1,0,0,0,36168.82
0,0,1,1,8507,386,195,23453,0,1,1,1,1,13509.27
0,0,0,0,8987,19,5,25248,1,0,1,1,1,15146.58
1,1,1,1,34542,141,144,93975,0,1,1,1,1,25977.61
1,0,0,1,19807,189,97,49360,0,1,1,0,1,14453.34
0,0,0,1,30997,87,43,79019,1,0,1,1,1,27907.94
1,0,1,1,83728,146,54,217133,0,1,0,0,0,41442.89
0,0,1,1,49495,167,119,133066,0,1,0,1,0,30453.69
0,1,1,1,176162,43,32,271065,1,1,0,1,1,81224
0,0,0,0,43248,129,65,131086,0,1,0,0,0,23194.71
0,1,0,1,10101,111,57,39638,0,0,1,1,1,17145.58
0,0,1,1,53711,49,28,90963,1,0,0,1,0,31208.36
0,0,1,1,39406,125,56,101858,0,1,0,0,0,23724.99
0,1,1,1,18774,51,42,32674,1,0,1,1,1,23789.88
1,1,0,0,10111,65,47,40769,1,0,1,1,1,18458.44
1,0,1,0,76700,84,43,234312,1,1,0,0,0,44708.26
1,0,1,1,11076,20,9,29987,1,0,1,0,1,19242.86
0,0,0,1,30830,62,33,99408,1,0,0,0,0,24338.18
0,0,1,1,51729,83,47,90073,0,1,0,1,0,27048.69
0,0,0,1,86066,29,24,178883,1,0,0,1,0,42848.61
0,0,0,1,55442,99,45,118363,0,1,0,0,0,31026.69
0,0,0,1,46361,144,117,87965,0,1,0,0,0,26804.43
0,0,0,0,12966,56,25,52520,1,0,1,0,1,13835.72
0,0,1,1,17882,132,89,33654,0,1,1,0,1,15912.37
0,0,1,1,11196,76,47,20994,0,0,1,0,0,12896.29
0,0,0,1,31139,62,32,99283,1,0,0,1,0,27020.83
1,0,1,0,19982,55,40,51900,0,0,1,0,0,8843.75
0,0,0,1,18358,383,175,73896,0,1,1,1,1,20902.28
1,1,1,1,36355,61,23,88702,1,0,0,1,0,31684.29
0,0,0,0,10666,80,46,42852,0,0,1,0,0,6387.57
0,0,0,1,45374,67,43,117811,1,0,0,1,0,30101.47
0,0,1,1,57398,46,18,227443,1,0,0,1,0,34995.86
0,1,1,0,7802,123,50,31310,0,1,1,0,0,11883.45
0,1,1,1,5329,16,9,16306,1,0,1,0,1,18875.95
1,0,0,1,36549,136,112,143455,0,1,1,1,1,28332.72
1,0,0,1,49137,49,25,166461,1,0,0,0,0,32569
0,0,0,1,54743,61,41,119779,1,0,0,1,0,34201.06
0,0,0,1,43833,105,43,72921,0,1,0,0,0,23397.69
0,0,0,1,78678,147,85,131074,0,1,0,1,0,37191.9
0,0,0,1,44656,31,20,103206,1,0,0,1,0,30016.95
0,0,0,1,38938,32,14,117614,1,0,0,0,0,27272.21
0,0,1,0,2950,39,28,6263,1,0,1,0,0,12207.64
1,0,1,0,157990,38,19,257830,1,1,0,1,1,68383.05
1,0,1,1,36320,148,56,67427,0,1,0,0,0,21906.39
0,0,1,1,36272,41,35,81672,1,0,0,1,0,27312.18
0,1,1,1,116667,91,48,266865,1,1,0,1,1,67441.02
0,0,0,1,129961,240,113,209442,0,1,0,0,1,52581.34
1,0,0,0,25135,89,35,41651,0,0,1,0,0,9842.42
0,1,1,0,25995,103,70,49847,0,1,1,0,1,15165.26
0,0,0,1,54743,61,41,119779,1,0,0,1,0,34201.06
1,0,1,1,44491,15,11,102566,1,0,0,1,0,30746.65
0,0,1,1,6627,173,111,10025,0,1,1,0,0,12337.77
1,0,0,1,20347,17,6,46577,1,0,1,1,1,24067.76
0,0,0,1,21810,64,42,58098,1,0,1,0,1,21238.13
0,0,1,1,282898,12,10,473122,1,1,0,1,1,120114.63
0,0,1,0,35335,250,180,64110,0,1,1,0,1,16915.5
1,0,0,1,9109,31,18,34757,1,0,1,1,1,21190.14
0,1,1,1,57948,24,9,96462,1,0,0,1,0,33707.21
0,0,0,0,19228,121,91,43481,0,1,1,1,1,15611.63
0,0,0,0,26843,24,19,47812,1,0,0,1,0,19857.66
0,1,1,0,5981,99,73,22595,0,0,1,1,0,11338.2
1,0,0,0,42211,225,156,158366,0,1,0,1,0,23574.33
0,0,1,1,27579,493,222,44235,0,1,1,1,1,20331.66
0,0,0,1,130419,20,12,207307,1,1,0,1,1,64022.32
0,0,0,1,10462,45,39,21556,1,0,1,1,1,20003.19
1,0,0,0,42211,225,156,158366,0,1,0,1,0,23574.33
0,0,1,1,70203,40,19,230910,1,0,0,1,0,38463.79
1,0,0,1,38450,46,29,145053,1,0,0,1,0,29627.21
0,0,1,1,14101,47,24,45581,0,0,1,1,1,16282.72
0,0,1,1,42552,73,70,90250,0,0,0,0,0,20301.95
0,1,0,0,56582,91,76,207053,1,1,0,1,0,43568.97
1,0,0,1,11665,15,11,22630,1,0,1,1,1,20681.05
0,1,1,0,14850,62,60,34645,1,0,1,1,1,16597.97
0,0,0,1,85108,129,130,135410,0,1,0,0,0,35901.28
0,0,1,0,36406,78,46,89814,0,0,0,0,0,12239.71
0,0,1,1,129318,42,15,218429,1,1,0,1,1,64443.19
0,0,1,1,56394,222,109,166177,0,1,0,1,0,35942.33
0,0,0,0,12966,56,25,52520,1,0,1,0,1,13835.72
0,1,0,1,23826,124,89,68929,0,1,1,0,1,21610.25
1,0,1,0,41566,22,10,165001,1,0,0,1,0,26335.83
0,0,0,0,13389,47,39,49824,1,0,1,1,1,17166.82
0,0,0,1,26796,69,41,91698,1,0,1,1,1,23456.67
0,0,1,1,55010,50,36,95400,1,0,0,1,0,34493.2
1,0,1,0,119182,50,25,439242,1,1,0,1,1,70634.22
0,0,1,0,176755,155,60,276716,0,1,0,0,1,63258.91
0,0,0,1,61947,24,19,156595,1,0,0,0,0,34861.03
0,0,1,1,67042,104,46,145416,0,1,0,0,0,33532.4
0,0,0,1,5751,75,60,18524,0,0,1,0,0,10784.83
1,0,1,1,23463,24,12,76694,1,0,1,1,1,24118.85
0,0,1,1,4080,96,85,15206,0,0,1,0,1,13734.62
0,0,0,1,29109,37,24,88693,1,0,0,0,0,24023.3
1,1,1,1,57729,111,61,90578,0,1,0,0,0,31424.9
0,0,1,1,45428,66,44,140090,0,0,0,0,0,20552.51
1,0,0,1,6087,151,61,10715,0,1,1,0,0,9886.83
1,1,1,0,36731,80,76,92036,0,0,0,1,0,17382.3
0,0,0,0,32001,92,85,62093,0,1,0,0,0,16913.41
0,0,1,1,93535,73,31,174380,1,1,0,1,1,52986.87
0,0,1,1,257677,80,37,421479,1,1,0,1,1,110327.29
0,0,1,1,44234,122,89,103363,0,1,0,1,0,27551.29
1,0,0,1,9026,20,16,29958,1,0,1,0,1,18173.25
0,0,1,0,216500,90,70,382264,1,1,0,1,1,91173.72
0,0,1,1,29816,159,89,62900,0,1,1,0,1,19841.73
0,0,1,1,31398,168,67,109706,0,1,1,0,1,22945.99
0,0,0,0,40172,26,18,148548,1,0,0,1,0,24956.98
0,0,0,1,329283,32,10,649454,1,1,0,1,1,146282.04
0,0,0,1,21294,78,29,31938,0,0,1,0,1,15920.69
1,0,0,1,14943,70,48,26821,1,0,1,1,1,20779.5
1,0,0,1,53968,146,57,93740,0,1,0,0,0,26857.22
0,0,0,1,20249,26,15,37997,1,0,1,1,1,22745.12
0,1,1,1,16626,43,36,31329,1,0,1,1,1,25476.33
0,0,0,1,30482,156,114,58301,0,1,1,0,1,19259.7
1,0,0,1,19940,130,116,39110,0,1,1,0,1,15576.43
0,0,1,1,13021,166,80,28379,0,1,1,0,0,12988.35
0,0,1,1,216047,129,63,575488,1,1,0,0,1,110756.78
0,1,1,1,3239,19,9,12256,1,0,1,1,1,18971.05
0,0,0,1,48902,386,208,97058,0,1,1,0,1,27683.11
0,0,0,1,126206,81,53,201731,1,1,0,1,1,64146.53
0,0,1,1,17667,181,103,53953,0,1,1,0,1,17310.77
0,1,1,1,188364,39,17,311816,1,1,0,1,1,89453.97
0,0,0,1,12875,38,35,25189,1,0,1,1,1,21617.84
0,0,0,1,25946,211,86,74576,0,1,1,1,1,20897.1
0,0,1,0,50748,184,81,79342,0,1,0,1,0,24243.73
0,0,1,1,87769,71,60,249925,1,1,0,1,1,55835.95
1,0,0,0,33436,22,15,72799,1,0,0,1,0,22231.62
0,0,1,1,12926,75,75,22887,0,0,1,1,1,15739.57
1,0,1,1,39352,193,131,66039,0,1,0,0,0,21531.66
0,0,0,1,18646,313,200,58158,0,1,1,1,1,19875.23
1,0,1,1,29630,245,155,85470,0,1,1,0,1,21202.66
0,0,1,1,35251,14,10,97793,1,0,0,0,0,25798.65
0,1,1,0,226962,175,75,405689,0,1,0,0,1,84841.77
0,0,1,1,24192,147,70,83194,0,1,1,0,1,20387.74
0,1,1,0,13733,62,24,48062,1,0,1,0,1,15425.77
0,1,0,1,53672,69,23,89615,1,0,0,1,0,34184.5
1,0,0,1,25420,16,10,51646,1,0,0,0,0,21439.62
1,1,1,1,91269,70,60,162795,1,1,0,1,1,53069.05
0,0,1,1,75690,210,113,120200,0,1,0,0,0,35119.52
0,0,1,0,51256,99,46,131709,0,1,0,0,0,24739.5
0,0,1,1,13748,65,32,27201,0,0,1,0,1,13784.91
0,0,1,1,27614,35,14,109402,1,0,0,1,0,26326.56
1,0,1,0,59537,29,25,89316,1,0,0,1,0,29830.02
0,0,0,1,53884,131,58,157925,0,1,0,0,0,30223.79
0,0,1,1,2449,29,22,9791,1,0,1,1,1,17153.63
0,0,1,1,58998,90,53,122040,0,1,0,1,0,33133.63
0,0,0,1,20930,18,5,57031,1,0,1,1,1,22637.06
1,0,1,1,30605,34,18,51030,1,0,0,1,0,26383.84
0,0,0,0,12104,92,79,39533,0,0,1,0,0,7679.39
1,0,0,1,38450,46,29,145053,1,0,0,1,0,29627.21
0,1,1,1,116667,91,48,266865,1,1,0,1,1,67441.02
0,0,1,0,16049,19,8,29546,1,0,1,0,0,12992.3
0,0,1,1,157473,287,118,261740,0,1,0,0,1,62698.48
1,0,0,1,65277,65,59,134880,1,1,0,1,0,40246.23
0,0,0,1,22063,170,181,44379,0,1,1,0,1,17410.71
0,0,1,1,34222,105,53,53966,0,1,1,0,1,20638.58
0,0,0,1,6599,101,38,13656,0,0,1,0,0,11672.8
0,0,0,1,20249,26,15,37997,1,0,1,1,1,22745.12
0,1,0,1,14939,87,81,29867,0,0,1,0,1,15869.81
0,0,0,0,34734,23,13,99453,1,0,0,1,0,23722.35
0,0,0,1,55442,99,45,118363,0,1,0,0,0,31026.69
0,0,1,1,43372,186,90,134020,0,1,0,0,0,25449.42
1,0,0,1,40619,44,26,67846,1,0,0,1,0,30030.13
0,0,0,1,14970,51,47,22642,1,0,1,0,1,19462.21
1,0,0,1,8288,26,21,26739,1,0,1,1,1,20303.66
0,0,0,0,108791,22,15,192650,1,1,0,0,1,50308.04
0,1,1,1,11865,9,7,36826,1,0,1,0,1,19064.62
0,0,1,1,51204,196,108,205732,0,1,0,0,0,34104.45
0,0,0,0,32431,32,19,93192,1,0,0,0,0,19756.21
0,0,1,1,75690,210,113,120200,0,1,0,0,0,35119.52
0,0,1,1,26249,41,15,57029,1,0,1,0,1,24508.17
0,1,0,1,38118,109,86,65787,0,1,0,1,0,27024.43
0,0,0,1,8209,132,56,12502,0,1,1,0,0,13054.34
1,1,1,1,62655,144,62,169110,0,1,0,1,0,38848.31
1,0,1,1,18838,89,34,55939,0,0,1,0,1,15512.49
0,0,0,1,60905,162,63,114225,0,1,0,0,0,30366.76
0,0,0,0,20820,91,61,36726,0,0,1,1,0,11356.85
0,0,0,1,5404,16,8,16406,1,0,1,0,1,16218.45
0,0,0,1,10980,38,20,31382,1,0,1,1,1,23520
0,0,1,1,40924,162,127,149680,0,1,0,0,0,26543.35
0,0,1,1,26335,96,50,80332,0,0,1,0,1,16077.77
0,0,1,1,17588,13,10,47209,1,0,1,1,1,22921.79
1,0,1,1,5571,29,14,17234,1,0,1,0,1,18084.52
0,0,0,1,15082,64,50,37409,1,0,1,1,1,22682.78
0,0,1,0,13400,46,23,34741,1,0,1,1,1,16126.88
0,0,0,0,250583,18,13,503500,1,1,0,1,1,109434.49
0,0,0,1,27526,85,52,63947,0,0,1,0,1,16218.07
1,1,0,1,30580,172,76,99832,0,1,1,0,1,22549.44
0,1,0,1,8665,190,213,24031,0,1,1,0,1,17320.97
0,1,0,1,99915,105,89,275828,1,1,0,0,1,61507.43
0,0,1,0,15821,259,198,27435,0,1,1,0,0,11242.14
0,0,0,1,45220,38,16,74942,1,0,0,1,0,28610.12
1,0,1,0,35757,70,30,106455,1,0,0,0,0,23152.93
1,1,0,0,14107,60,52,35562,1,0,1,1,1,18775.72
0,0,0,0,2836,67,26,8705,1,0,1,1,0,12298.05
0,0,1,0,68219,23,14,177931,1,0,0,1,0,32008.14
0,1,1,0,9456,245,116,17825,0,1,1,0,0,9702.86
0,0,1,1,6781,19,12,11671,1,0,1,0,1,17691.44
0,0,0,0,19302,56,25,52135,1,0,1,1,1,16379.25
1,0,0,1,33538,180,69,59386,0,1,1,1,1,21933.23
0,0,0,1,13294,10,8,25352,1,0,1,1,1,19655.36
0,0,0,1,73823,46,43,179469,1,0,0,1,0,37080.66
0,1,0,1,188234,72,27,312885,1,1,0,1,1,87714.75
0,0,1,1,16854,40,32,28463,1,0,1,1,1,20998.8
0,0,0,1,36102,10,8,99685,1,0,0,0,0,24110.6
1,0,0,0,65802,44,34,224245,1,0,0,0,0,32829.1
0,1,1,1,42227,53,18,86805,1,0,0,0,0,28795.64
1,0,0,1,11496,134,78,39506,0,1,1,0,1,13680.37
0,0,1,0,27333,79,76,41289,0,0,1,0,0,12276.95
0,0,0,1,72527,106,93,187082,0,1,0,1,0,39886.83
1,0,1,1,33578,80,48,83813,0,0,0,0,0,18445.98
0,0,1,1,46419,60,49,126270,1,0,0,0,0,30706.18
0,0,0,1,4117,57,41,14921,1,0,1,1,1,18300.21
0,1,0,1,18218,258,127,43643,0,1,1,0,1,19034.74
0,0,0,1,98694,130,68,269609,0,1,0,0,1,47735.42
0,0,1,1,77052,60,41,132998,1,1,0,1,0,43841.07
0,0,1,1,7750,45,20,15439,1,0,1,1,1,19034.23
0,0,1,1,23110,119,88,88649,0,1,1,1,1,22875.73
0,0,1,0,3224,60,51,6864,0,0,1,0,0,6779.58
0,0,0,0,7198,18,10,26474,1,0,1,0,0,13348.85
0,0,0,1,78100,67,61,144483,1,1,0,1,1,48126.55
0,0,1,1,31996,228,113,56751,0,1,1,0,1,22114.62
0,0,1,1,10425,208,205,33302,0,1,1,0,1,13961.1
0,1,0,1,62986,49,43,166029,1,0,0,1,0,37600.55
1,0,1,0,59537,29,25,89316,1,0,0,1,0,29830.02
0,0,0,0,23963,33,14,65979,1,0,0,1,0,17862.95
1,1,0,0,8006,224,109,32157,0,1,1,0,0,9393.1
0,0,1,0,94299,52,43,235978,1,1,0,1,1,51841.03
1,0,0,1,24346,100,35,83027,0,0,1,0,1,15841.17
0,1,1,1,209846,22,11,394723,1,1,0,1,1,97890.39
0,0,1,1,45847,106,113,89906,0,1,0,0,0,24638.55
0,0,0,1,84436,42,24,216585,1,1,0,1,1,53036.83
0,0,0,1,59074,40,32,130546,1,0,0,1,0,33931.55
0,0,0,1,9282,195,144,26063,0,1,1,0,0,13087.18
0,0,1,1,25748,44,36,88444,1,0,1,0,1,22960.88
1,0,1,0,20438,37,27,47077,1,0,1,1,1,17970.11
0,0,0,1,21294,78,29,31938,0,0,1,0,1,15920.69
1,0,1,0,2131,32,28,5474,1,0,1,1,0,12096.6
0,0,1,0,53216,184,108,102959,0,1,0,1,0,25324.61
0,0,1,1,76454,57,47,276082,1,1,0,0,1,53133.18
0,0,0,1,18646,313,200,58158,0,1,1,1,1,19875.23
0,0,1,0,91475,19,13,184626,1,0,0,0,0,36984.97
1,0,1,0,35757,70,30,106455,1,0,0,0,0,23152.93
0,0,1,1,86985,111,74,162377,0,1,0,1,0,43779.81
1,0,0,1,75229,161,127,220367,0,1,0,0,0,39753.27
0,0,1,1,29816,159,89,62900,0,1,1,0,1,19841.73
0,0,1,1,10990,104,66,31012,0,0,1,0,0,11840.48
0,0,0,0,23963,33,14,65979,1,0,0,1,0,17862.95
1,0,0,1,24346,100,35,83027,0,0,1,0,1,15841.17
0,0,0,1,109843,309,218,264558,0,1,0,0,1,49724.7
0,1,0,1,18545,129,78,38604,0,1,1,0,1,18080.79
0,0,1,1,13687,151,56,22461,0,1,1,0,1,14776.1
1,0,1,1,58700,79,59,166196,1,1,0,0,0,38712.2
1,0,1,1,54219,129,78,172896,0,1,0,0,0,31467.91
1,0,1,0,11353,22,12,32978,1,0,1,1,1,16772.16
1,0,0,0,7152,106,62,14434,0,0,1,0,0,8327.58
0,0,1,1,72602,361,200,163243,0,1,0,0,0,35847.12
0,0,0,0,5339,49,48,8772,1,0,1,1,1,13449.97
0,0,1,1,15423,198,138,40174,0,1,1,1,1,16552.64
1,1,1,0,103399,108,64,213041,0,1,0,0,0,42867.62
0,0,1,1,46622,283,160,159043,0,1,0,1,0,31239.61
0,0,0,1,5632,121,49,12542,0,1,1,0,0,10534.67
1,0,1,0,76700,84,43,234312,1,1,0,0,0,44708.26
0,0,1,1,44343,54,42,81215,1,0,0,0,0,26910.69
0,0,0,1,54945,48,46,120051,1,0,0,0,0,32578.5
0,0,1,1,46622,283,160,159043,0,1,0,1,0,31239.61
0,0,1,1,55068,58,41,131236,1,0,0,1,0,34306.12
1,0,0,0,72600,31,25,247601,1,0,0,1,0,36282.88
0,0,0,1,10980,38,20,31382,1,0,1,1,1,23520
0,0,1,1,55458,81,63,200663,0,1,0,1,0,35089.05
0,0,0,1,18116,152,58,68631,0,1,1,0,1,21620.34
0,0,0,1,134990,97,83,286351,1,1,0,1,1,72559.79
0,0,0,1,54945,48,46,120051,1,0,0,0,0,32578.5
0,1,0,1,6125,42,28,13479,1,0,1,1,1,21229.14
1,0,1,0,11353,22,12,32978,1,0,1,1,1,16772.16
0,0,0,1,90831,33,27,212803,1,0,0,1,0,42030.86
1,0,0,1,40619,44,26,67846,1,0,0,1,0,30030.13
0,0,0,1,16002,74,27,25266,0,0,1,0,1,14945.12
1,0,1,1,133642,258,179,317535,0,1,0,1,1,60798.29
0,0,0,1,26733,19,17,59733,1,0,1,1,1,24575.58
0,0,0,1,80724,29,14,264175,1,0,0,1,0,42868.77
1,0,0,1,57693,220,140,143995,0,1,0,0,0,30356.69
0,0,0,1,49665,92,75,74730,0,1,0,0,0,28584
0,0,0,0,140177,64,53,253873,1,1,0,1,1,65078.78
0,0,0,1,22732,31,23,79934,1,0,1,1,1,24729.81
0,0,1,1,41644,30,27,131105,1,0,0,1,0,30432.85
0,0,1,1,56394,222,109,166177,0,1,0,1,0,35942.33
0,0,1,0,69759,454,233,221723,0,1,0,0,0,32126.07
0,1,1,1,76084,68,67,127020,1,1,0,0,0,46124.19
0,0,0,1,78678,147,85,131074,0,1,0,1,0,37191.9
1,1,0,0,39229,127,89,90397,0,1,0,1,0,21371.52
0,0,1,1,16526,241,120,40378,0,1,1,0,1,14358.86
0,0,1,0,36563,112,69,136872,0,1,0,1,0,21766.63
1,0,1,1,150120,46,33,267127,1,1,0,1,1,71630.27
0,0,0,1,18575,53,25,37184,0,0,1,1,1,16622.41
0,0,0,0,97511,37,14,180503,1,1,0,1,1,48864.32
0,0,0,0,7697,86,44,30016,0,0,1,0,0,7681.92
0,0,1,1,34724,148,66,71903,0,1,0,0,0,22479.22
0,0,0,1,110034,85,73,175066,1,1,0,1,1,55308.9
0,1,0,1,8665,190,213,24031,0,1,1,0,1,17320.97
0,0,0,1,89504,76,46,178242,1,1,0,0,1,49741.04
1,0,1,0,30964,11,8,104152,1,0,0,1,0,24335.89
0,0,0,1,14181,85,44,21483,0,0,1,0,0,13120.12
0,0,0,1,244106,15,7,606669,1,1,0,0,1,118437.46
0,0,1,0,51256,99,46,131709,0,1,0,0,0,24739.5
0,1,1,1,42227,53,18,86805,1,0,0,0,0,28795.64
0,0,0,1,21930,67,23,40332,1,0,1,1,1,24874.46
1,0,1,0,35939,199,130,98294,0,1,0,0,0,18505.29
0,0,0,0,4179,72,58,16464,0,0,1,0,0,5555.5
0,0,1,0,201761,22,14,472363,1,1,0,1,1,94434.91
0,0,1,1,177951,34,18,399134,1,1,0,1,1,88057.4
0,1,0,1,20381,115,110,72330,0,1,1,0,1,20950.36
0,0,0,1,7695,27,19,18554,1,0,1,1,1,19162.32
0,1,0,1,57196,71,50,93841,1,1,0,1,0,39219.24
0,0,1,0,50324,110,45,183278,0,1,0,1,0,28190.66
0,0,0,1,6530,46,30,14815,1,0,1,1,1,18025.46
0,1,1,0,92834,68,32,247346,1,1,0,1,1,55034.04
0,0,0,1,9237,84,61,34229,0,0,1,0,0,12308.13
0,1,0,0,95293,162,80,340199,0,1,0,1,1,50552.7
0,0,0,1,25330,25,18,54581,1,0,0,0,0,21516.56
0,0,0,0,11055,30,12,35843,1,0,1,0,1,14632.07
0,0,0,0,34087,111,44,89876,0,1,0,1,0,21997.82
0,0,0,1,69583,71,49,207244,1,1,0,1,1,49546.3
0,0,1,1,57687,12,8,119329,1,0,0,0,0,32249.03
0,0,1,1,60782,238,195,99752,0,1,0,0,0,30666.76
0,0,1,1,57763,97,66,196164,0,1,0,0,0,35009.1
0,0,0,0,47274,82,53,73308,1,1,0,1,0,26978.69
0,0,1,0,18433,53,22,60937,1,0,1,0,1,15129.39
0,0,1,1,26335,96,50,80332,0,0,1,0,1,16077.77
0,0,0,0,7316,46,40,18615,1,0,1,0,0,12604.6
0,1,1,0,246556,55,18,482129,1,1,0,1,1,109234.41
0,0,0,0,16591,35,25,43632,1,0,1,1,1,16566.91
1,0,1,1,51716,45,32,140545,1,0,0,0,0,31419.63
0,0,1,1,4769,134,94,17601,0,1,1,0,1,13870.66
0,0,1,0,84699,334,142,227925,0,1,0,1,0,38812.13
0,0,0,0,30006,30,10,57650,1,0,0,1,0,20453.45
1,0,0,0,39395,261,138,78800,0,1,0,0,0,17392.84
1,0,1,1,15209,51,23,38782,1,0,1,0,1,21183.6
0,0,1,0,83856,38,20,199235,1,0,0,0,0,34066.84
1,0,1,1,83728,146,54,217133,0,1,0,0,0,41442.89
0,0,1,0,35954,88,89,63444,0,1,0,0,0,17181.61
0,0,0,0,27708,23,18,74433,1,0,0,0,0,19598.71
0,0,1,0,49817,56,24,89612,1,0,0,1,0,25366.99
1,0,1,0,20438,37,27,47077,1,0,1,1,1,17970.11
0,0,1,1,39560,29,23,74608,1,0,0,1,0,28723.16
0,1,0,1,18218,258,127,43643,0,1,1,0,1,19034.74
0,0,1,1,12538,111,49,20053,0,1,1,0,1,14692.77
0,0,1,1,37590,185,125,84441,0,1,0,0,0,23367.05
0,1,0,1,70168,74,59,195515,1,1,0,1,1,50237.8
0,0,1,1,41078,114,75,155327,0,1,0,0,0,28248.74
0,0,1,0,68219,23,14,177931,1,0,0,1,0,32008.14
0,0,1,0,58493,30,9,213527,1,0,0,1,0,30332.33
0,1,0,1,124269,55,31,257867,1,1,0,1,1,66885.22
0,0,1,1,28266,146,54,74751,0,1,1,1,1,23432.92
0,0,0,0,30827,39,28,54361,1,0,0,1,0,21464.33
0,1,0,1,203641,72,33,318560,1,1,0,1,1,91820.45
0,0,0,0,125343,213,100,197152,0,1,0,0,1,48433.23
1,0,0,1,71040,35,28,147809,1,0,0,1,0,38228.53
0,0,0,1,47356,98,62,129445,0,1,0,1,0,30587.98
0,1,1,0,26512,44,18,77637,1,0,1,1,1,23981.03
0,0,1,1,14411,24,15,30885,1,0,1,0,1,21204.04
0,0,1,1,115505,45,18,262722,1,1,0,0,1,62744.82
1,0,0,1,26613,80,39,45647,0,0,1,1,1,17878.52
0,1,0,0,13465,106,98,24670,0,0,1,0,0,10219.48
0,0,1,1,130593,179,74,321889,0,1,0,0,1,58620.47
0,0,0,1,35811,128,60,141326,0,1,0,0,0,25307.23
0,0,1,1,23530,184,108,95216,0,1,1,0,1,20249.94
0,0,1,1,35658,59,25,91292,1,0,0,1,0,26836.3
0,0,1,1,129328,50,20,233580,1,1,0,1,1,66165.69
0,0,0,1,86043,56,33,346371,1,1,0,1,1,62956.63
0,0,0,1,244106,15,7,606669,1,1,0,0,1,118437.46
0,0,0,1,24917,28,19,51992,1,0,1,1,1,25417.15
0,0,0,1,3139,24,16,11910,1,0,1,1,1,17391.65
1,0,0,1,36549,136,112,143455,0,1,1,1,1,28332.72
0,1,1,0,25995,103,70,49847,0,1,1,0,1,15165.26
0,0,1,0,29741,472,198,80250,0,1,1,0,1,17010.11
1,0,0,1,32327,126,80,51259,0,1,1,1,1,21901
0,0,1,0,36406,78,46,89814,0,0,0,0,0,12239.71
0,0,0,1,38284,192,133,88105,0,1,0,0,0,23175.75
0,0,1,1,36021,35,29,62205,1,0,0,0,0,24532.42
1,0,1,1,65545,186,78,161337,0,1,0,1,0,33658.97
0,0,1,0,49157,62,55,95980,0,0,0,0,0,17355.08
0,0,1,1,280570,289,161,481084,0,1,0,0,1,103718.19
0,0,1,0,211770,23,14,340511,1,1,0,1,1,89326.83
0,0,1,0,87117,119,55,155458,0,1,0,0,0,34493.1
0,1,1,1,21516,34,30,78883,1,0,1,1,1,26683.44
1,0,0,0,140529,38,30,223064,1,1,0,1,1,62496.54
0,0,1,0,25486,231,158,58777,0,1,1,1,1,16433.36
0,1,0,1,7556,180,138,18178,0,1,1,0,1,14761.35
0,0,0,0,10666,80,46,42852,0,0,1,0,0,6387.57
0,0,0,1,53884,131,58,157925,0,1,0,0,0,30223.79
1,0,0,1,7725,101,49,19102,0,0,1,0,0,11804.13
1,1,0,1,89335,38,22,147034,1,0,0,1,0,44749.6
0,0,1,0,41189,87,35,73130,0,1,0,0,0,19476.3
0,0,1,1,121073,40,17,280925,1,1,0,1,1,67099.87
0,1,1,1,11560,154,121,26285,0,1,1,0,1,16920.88
0,0,1,1,4015,125,129,13482,0,1,1,1,1,14511.88
0,1,0,1,30502,76,71,62294,1,0,1,1,1,28428.65
0,1,0,1,56801,20,10,211398,1,0,0,0,0,36092.15
0,0,1,1,17667,181,103,53953,0,1,1,0,1,17310.77
0,0,1,0,41189,87,35,73130,0,1,0,0,0,19476.3
0,0,1,0,9453,241,133,32830,0,1,1,0,0,9318.34
1,1,1,0,30814,44,42,59013,1,0,0,0,0,20663.13
0,0,1,1,7098,17,14,18937,1,0,1,1,1,19739.3
0,1,1,0,246556,55,18,482129,1,1,0,1,1,109234.41
1,0,0,0,7152,106,62,14434,0,0,1,0,0,8327.58
0,0,1,1,13123,73,54,26529,0,0,1,0,1,13975.93
0,0,1,0,16049,19,8,29546,1,0,1,0,0,12992.3
0,1,0,0,124096,66,60,225117,1,1,0,1,1,60400.68
0,1,1,0,16291,31,13,43332,1,0,1,1,1,19885.16
0,0,0,1,25974,15,10,74433,1,0,1,1,1,25402.45
0,0,1,1,4775,21,18,9808,1,0,1,1,1,17844.62
0,0,1,1,44343,54,42,81215,1,0,0,0,0,26910.69
0,0,1,1,64162,39,16,247643,1,0,0,1,0,38348.12
